-- MySQL dump 10.13  Distrib 8.0.15, for Linux (x86_64)
--
-- Host: localhost    Database: invercol_io
-- ------------------------------------------------------
-- Server version	8.0.15

/*!40101 SET @OLD_CHARACTER_SET_CLIENT=@@CHARACTER_SET_CLIENT */;
/*!40101 SET @OLD_CHARACTER_SET_RESULTS=@@CHARACTER_SET_RESULTS */;
/*!40101 SET @OLD_COLLATION_CONNECTION=@@COLLATION_CONNECTION */;
 SET NAMES utf8mb4 ;
/*!40103 SET @OLD_TIME_ZONE=@@TIME_ZONE */;
/*!40103 SET TIME_ZONE='+00:00' */;
/*!40014 SET @OLD_UNIQUE_CHECKS=@@UNIQUE_CHECKS, UNIQUE_CHECKS=0 */;
/*!40014 SET @OLD_FOREIGN_KEY_CHECKS=@@FOREIGN_KEY_CHECKS, FOREIGN_KEY_CHECKS=0 */;
/*!40101 SET @OLD_SQL_MODE=@@SQL_MODE, SQL_MODE='NO_AUTO_VALUE_ON_ZERO' */;
/*!40111 SET @OLD_SQL_NOTES=@@SQL_NOTES, SQL_NOTES=0 */;

--
-- Table structure for table `cargos`
--

DROP TABLE IF EXISTS `cargos`;
/*!40101 SET @saved_cs_client     = @@character_set_client */;
 SET character_set_client = utf8mb4 ;
CREATE TABLE `cargos` (
  `cargo_id` int(10) unsigned NOT NULL AUTO_INCREMENT,
  `cargo_nombre` varchar(255) COLLATE utf8mb4_unicode_ci DEFAULT NULL,
  `cargo_descripcion` varchar(5000) COLLATE utf8mb4_unicode_ci DEFAULT NULL,
  `creado_por_usuario_id` int(11) DEFAULT NULL,
  `modificado_por_usuario_id` int(11) DEFAULT NULL,
  `eliminado_por_usuario_id` int(11) DEFAULT NULL,
  `created_at` timestamp NULL DEFAULT NULL,
  `updated_at` timestamp NULL DEFAULT NULL,
  PRIMARY KEY (`cargo_id`)
) ENGINE=InnoDB DEFAULT CHARSET=utf8mb4 COLLATE=utf8mb4_unicode_ci;
/*!40101 SET character_set_client = @saved_cs_client */;

--
-- Dumping data for table `cargos`
--

LOCK TABLES `cargos` WRITE;
/*!40000 ALTER TABLE `cargos` DISABLE KEYS */;
/*!40000 ALTER TABLE `cargos` ENABLE KEYS */;
UNLOCK TABLES;

--
-- Table structure for table `comunas`
--

DROP TABLE IF EXISTS `comunas`;
/*!40101 SET @saved_cs_client     = @@character_set_client */;
 SET character_set_client = utf8mb4 ;
CREATE TABLE `comunas` (
  `comuna_id` int(11) NOT NULL,
  `comuna_nombre` varchar(255) COLLATE utf8mb4_unicode_ci DEFAULT NULL,
  `region_id` int(11) DEFAULT NULL,
  `created_at` timestamp NULL DEFAULT NULL,
  `updated_at` timestamp NULL DEFAULT NULL
) ENGINE=InnoDB DEFAULT CHARSET=utf8mb4 COLLATE=utf8mb4_unicode_ci;
/*!40101 SET character_set_client = @saved_cs_client */;

--
-- Dumping data for table `comunas`
--

LOCK TABLES `comunas` WRITE;
/*!40000 ALTER TABLE `comunas` DISABLE KEYS */;
INSERT INTO `comunas` VALUES (1101,'Iquique',1,NULL,NULL),(1107,'Alto Hospicio',1,NULL,NULL),(1401,'Pozo Almonte',1,NULL,NULL),(1402,'Camiña',1,NULL,NULL),(1403,'Colchane',1,NULL,NULL),(1404,'Huara',1,NULL,NULL),(1405,'Pica',1,NULL,NULL),(2101,'Antofagasta',2,NULL,NULL),(2102,'Mejillones',2,NULL,NULL),(2103,'Sierra Gorda',2,NULL,NULL),(2104,'Taltal',2,NULL,NULL),(2201,'Calama',2,NULL,NULL),(2202,'Ollagüe',2,NULL,NULL),(2203,'San Pedro de Atacama',2,NULL,NULL),(2301,'Tocopilla',2,NULL,NULL),(2302,'Maria Elena',2,NULL,NULL),(3101,'Copiapo',3,NULL,NULL),(3102,'Caldera',3,NULL,NULL),(3103,'Tierra Amarilla',3,NULL,NULL),(3201,'Chañaral',3,NULL,NULL),(3202,'Diego de Almagro',3,NULL,NULL),(3301,'Vallenar',3,NULL,NULL),(3302,'Alto del Carmen',3,NULL,NULL),(3303,'Freirina',3,NULL,NULL),(3304,'Huasco',3,NULL,NULL),(4101,'La Serena',4,NULL,NULL),(4102,'Coquimbo',4,NULL,NULL),(4103,'Andacollo',4,NULL,NULL),(4104,'La Higuera',4,NULL,NULL),(4105,'Paiguano',4,NULL,NULL),(4106,'Vicuña',4,NULL,NULL),(4201,'Illapel',4,NULL,NULL),(4202,'Canela',4,NULL,NULL),(4203,'Los Vilos',4,NULL,NULL),(4204,'Salamanca',4,NULL,NULL),(4301,'Ovalle',4,NULL,NULL),(4302,'Combarbalá',4,NULL,NULL),(4303,'Monte Patria',4,NULL,NULL),(4304,'Punitaqui',4,NULL,NULL),(4305,'Río Hurtado',4,NULL,NULL),(5101,'Valparaiso',5,NULL,NULL),(5102,'Casablanca',5,NULL,NULL),(5103,'Con Con',5,NULL,NULL),(5104,'Juan Fernández',5,NULL,NULL),(5105,'Puchuncaví',5,NULL,NULL),(5107,'Quintero',5,NULL,NULL),(5109,'Viña del Mar',5,NULL,NULL),(5201,'Isla de Pascua',5,NULL,NULL),(5301,'Los Andes',5,NULL,NULL),(5302,'Calle Larga',5,NULL,NULL),(5303,'Rinconada',5,NULL,NULL),(5304,'San Esteban',5,NULL,NULL),(5401,'La Ligua',5,NULL,NULL),(5402,'Cabildo',5,NULL,NULL),(5403,'Papudo',5,NULL,NULL),(5404,'Petorca',5,NULL,NULL),(5405,'Zapallar',5,NULL,NULL),(5501,'Quillota',5,NULL,NULL),(5502,'Calera',5,NULL,NULL),(5503,'Hijuelas',5,NULL,NULL),(5504,'La Cruz',5,NULL,NULL),(5506,'Nogales',5,NULL,NULL),(5601,'San Antonio',5,NULL,NULL),(5602,'Algarrobo',5,NULL,NULL),(5603,'Cartagena',5,NULL,NULL),(5604,'El Quisco',5,NULL,NULL),(5605,'El Tabo',5,NULL,NULL),(5606,'Santo Domingo',5,NULL,NULL),(5701,'San Felipe',5,NULL,NULL),(5702,'Catemu',5,NULL,NULL),(5703,'Llaillay',5,NULL,NULL),(5704,'Panquehue',5,NULL,NULL),(5705,'Putaendo',5,NULL,NULL),(5706,'Santa Maria',5,NULL,NULL),(5801,'Quilpue',5,NULL,NULL),(5802,'Limache',5,NULL,NULL),(5803,'Olmué',5,NULL,NULL),(5804,'Villa Alemana',5,NULL,NULL),(6101,'Rancagua',6,NULL,NULL),(6102,'Codegua',6,NULL,NULL),(6103,'Coinco',6,NULL,NULL),(6104,'Coltauco',6,NULL,NULL),(6105,'Doñihue',6,NULL,NULL),(6106,'Graneros',6,NULL,NULL),(6107,'Las Cabras',6,NULL,NULL),(6108,'Machalí',6,NULL,NULL),(6109,'Malloa',6,NULL,NULL),(6110,'Mostazal',6,NULL,NULL),(6111,'Olivar',6,NULL,NULL),(6112,'Peumo',6,NULL,NULL),(6113,'Pichidegua',6,NULL,NULL),(6114,'Quinta de Tilcoco',6,NULL,NULL),(6115,'Rengo',6,NULL,NULL),(6116,'Requínoa',6,NULL,NULL),(6117,'San Vicente',6,NULL,NULL),(6201,'Pichilemu',6,NULL,NULL),(6202,'La Estrella',6,NULL,NULL),(6203,'Litueche',6,NULL,NULL),(6204,'Marchihue',6,NULL,NULL),(6205,'Navidad',6,NULL,NULL),(6206,'Paredones',6,NULL,NULL),(6301,'San Fernando',6,NULL,NULL),(6302,'Chepica',6,NULL,NULL),(6303,'Chimbarongo',6,NULL,NULL),(6304,'Lolol',6,NULL,NULL),(6305,'Nancagua',6,NULL,NULL),(6306,'Palmilla',6,NULL,NULL),(6307,'Peralillo',6,NULL,NULL),(6308,'Placilla',6,NULL,NULL),(6309,'Pumanque',6,NULL,NULL),(6310,'Santa Cruz',6,NULL,NULL),(7101,'Talca',7,NULL,NULL),(7102,'Constitución',7,NULL,NULL),(7103,'Curepto',7,NULL,NULL),(7104,'Empedrado',7,NULL,NULL),(7105,'Maule',7,NULL,NULL),(7106,'Pelarco',7,NULL,NULL),(7107,'Pencahue',7,NULL,NULL),(7108,'Río Claro',7,NULL,NULL),(7109,'San Clemente',7,NULL,NULL),(7110,'San Rafael',7,NULL,NULL),(7201,'Cauquenes',7,NULL,NULL),(7202,'Chanco',7,NULL,NULL),(7203,'Pelluhue',7,NULL,NULL),(7301,'Curicó',7,NULL,NULL),(7302,'Hualañé',7,NULL,NULL),(7303,'Licantén',7,NULL,NULL),(7304,'Molina',7,NULL,NULL),(7305,'Rauco',7,NULL,NULL),(7306,'Romeral',7,NULL,NULL),(7307,'Sagrada Familia',7,NULL,NULL),(7308,'Teno',7,NULL,NULL),(7309,'Vichuquén',7,NULL,NULL),(7401,'Linares',7,NULL,NULL),(7402,'Colbún',7,NULL,NULL),(7403,'Longaví',7,NULL,NULL),(7404,'Parral',7,NULL,NULL),(7405,'Retiro',7,NULL,NULL),(7406,'San Javier',7,NULL,NULL),(7407,'Villa Alegre',7,NULL,NULL),(7408,'Yerbas Buenas',7,NULL,NULL),(8101,'Concepción',8,NULL,NULL),(8102,'Coronel',8,NULL,NULL),(8103,'Chiguayante',8,NULL,NULL),(8104,'Florida',8,NULL,NULL),(8105,'Hualqui',8,NULL,NULL),(8106,'Lota',8,NULL,NULL),(8107,'Penco',8,NULL,NULL),(8108,'San Pedro de la Paz',8,NULL,NULL),(8109,'Santa Juana',8,NULL,NULL),(8110,'Talcahuano',8,NULL,NULL),(8111,'Tome',8,NULL,NULL),(8112,'Hualpén',8,NULL,NULL),(8201,'Lebu',8,NULL,NULL),(8202,'Arauco',8,NULL,NULL),(8203,'Cañete',8,NULL,NULL),(8204,'Contulmo',8,NULL,NULL),(8205,'Curanilahue',8,NULL,NULL),(8206,'Los Álamos',8,NULL,NULL),(8207,'Tirúa',8,NULL,NULL),(8301,'Los Ángeles',8,NULL,NULL),(8302,'Antuco',8,NULL,NULL),(8303,'Cabrero',8,NULL,NULL),(8304,'Laja',8,NULL,NULL),(8305,'Mulchén',8,NULL,NULL),(8306,'Nacimiento',8,NULL,NULL),(8307,'Negrete',8,NULL,NULL),(8308,'Quilaco',8,NULL,NULL),(8309,'Quilleco',8,NULL,NULL),(8310,'San Rosendo',8,NULL,NULL),(8311,'Santa Bárbara',8,NULL,NULL),(8312,'Tucapel',8,NULL,NULL),(8313,'Yumbel',8,NULL,NULL),(8314,'Alto Biobío',8,NULL,NULL),(8401,'Chillán ',8,NULL,NULL),(8402,'Bulnes',8,NULL,NULL),(8403,'Cobquecura',8,NULL,NULL),(8404,'Coelemu',8,NULL,NULL),(8405,'Coihueco',8,NULL,NULL),(8406,'Chillán Viejo',8,NULL,NULL),(8407,'El Carmen',8,NULL,NULL),(8408,'Ninhue',8,NULL,NULL),(8409,'Ñiquén',8,NULL,NULL),(8410,'Pemuco',8,NULL,NULL),(8411,'Pinto',8,NULL,NULL),(8412,'Portezuelo',8,NULL,NULL),(8413,'Quillón',8,NULL,NULL),(8414,'Quirihue',8,NULL,NULL),(8415,'Ránquil',8,NULL,NULL),(8416,'San Carlos',8,NULL,NULL),(8417,'San Fabián',8,NULL,NULL),(8418,'San Ignacio',8,NULL,NULL),(8419,'San Nicolás',8,NULL,NULL),(8420,'Treguaco',8,NULL,NULL),(8421,'Yungay',8,NULL,NULL),(9101,'Temuco',9,NULL,NULL),(9102,'Carahue',9,NULL,NULL),(9103,'Cunco',9,NULL,NULL),(9104,'Curarrehue',9,NULL,NULL),(9105,'Freire',9,NULL,NULL),(9106,'Galvarino',9,NULL,NULL),(9107,'Gorbea',9,NULL,NULL),(9108,'Lautaro',9,NULL,NULL),(9109,'Loncoche',9,NULL,NULL),(9110,'Melipeuco',9,NULL,NULL),(9111,'Nueva Imperial',9,NULL,NULL),(9112,'Padre Las Casas',9,NULL,NULL),(9113,'Perquenco',9,NULL,NULL),(9114,'Pitrufquén',9,NULL,NULL),(9115,'Pucón',9,NULL,NULL),(9116,'Saavedra',9,NULL,NULL),(9117,'Teodoro Schmidt',9,NULL,NULL),(9118,'Toltén',9,NULL,NULL),(9119,'Vilcún',9,NULL,NULL),(9120,'Villarrica',9,NULL,NULL),(9121,'Cholchol',9,NULL,NULL),(9201,'Angol',9,NULL,NULL),(9202,'Collipulli',9,NULL,NULL),(9203,'Curacautín',9,NULL,NULL),(9204,'Ercilla',9,NULL,NULL),(9205,'Lonquimay',9,NULL,NULL),(9206,'Los Sauces',9,NULL,NULL),(9207,'Lumaco',9,NULL,NULL),(9208,'Purén',9,NULL,NULL),(9209,'Renaico',9,NULL,NULL),(9210,'Traiguén',9,NULL,NULL),(9211,'Victoria',9,NULL,NULL),(10101,'Puerto Montt',10,NULL,NULL),(10102,'Calbuco',10,NULL,NULL),(10103,'Cochamó',10,NULL,NULL),(10104,'Fresia',10,NULL,NULL),(10105,'Frutillar',10,NULL,NULL),(10106,'Los Muermos',10,NULL,NULL),(10107,'Llanquihue',10,NULL,NULL),(10108,'Maullín',10,NULL,NULL),(10109,'Puerto Varas',10,NULL,NULL),(10201,'Castro',10,NULL,NULL),(10202,'Ancud',10,NULL,NULL),(10203,'Chonchi',10,NULL,NULL),(10204,'Curaco de Vélez',10,NULL,NULL),(10205,'Dalcahue',10,NULL,NULL),(10206,'Puqueldón',10,NULL,NULL),(10207,'Queilén',10,NULL,NULL),(10208,'Quellón',10,NULL,NULL),(10209,'Quemchi',10,NULL,NULL),(10210,'Quinchao',10,NULL,NULL),(10301,'Osorno',10,NULL,NULL),(10302,'Puerto Octay',10,NULL,NULL),(10303,'Purranque',10,NULL,NULL),(10304,'Puyehue',10,NULL,NULL),(10305,'Río Negro',10,NULL,NULL),(10306,'San Juan de la Costa',10,NULL,NULL),(10307,'San Pablo',10,NULL,NULL),(10401,'Chaitén',10,NULL,NULL),(10402,'Futaleufú',10,NULL,NULL),(10403,'Hualaihué',10,NULL,NULL),(10404,'Palena',10,NULL,NULL),(11101,'Coihaique',11,NULL,NULL),(11102,'Lago Verde',11,NULL,NULL),(11201,'Aisén',11,NULL,NULL),(11202,'Cisnes',11,NULL,NULL),(11203,'Guaitecas',11,NULL,NULL),(11301,'Cochrane',11,NULL,NULL),(11302,'O Higgins',11,NULL,NULL),(11303,'Tortel',11,NULL,NULL),(11401,'Chile Chico',11,NULL,NULL),(11402,'Río Ibáñez',11,NULL,NULL),(12101,'Punta Arenas',12,NULL,NULL),(12102,'Laguna Blanca',12,NULL,NULL),(12103,'Río Verde',12,NULL,NULL),(12104,'San Gregorio',12,NULL,NULL),(12201,'Cabo de Hornos',12,NULL,NULL),(12202,'Antártica',12,NULL,NULL),(12301,'Porvenir',12,NULL,NULL),(12302,'Primavera',12,NULL,NULL),(12303,'Timaukel',12,NULL,NULL),(12401,'Natales',12,NULL,NULL),(12402,'Torres del Paine',12,NULL,NULL),(13101,'Santiago',13,NULL,NULL),(13102,'Cerrillos',13,NULL,NULL),(13103,'Cerro Navia',13,NULL,NULL),(13104,'Conchalí',13,NULL,NULL),(13105,'El Bosque',13,NULL,NULL),(13106,'Estación Central',13,NULL,NULL),(13107,'Huechuraba',13,NULL,NULL),(13108,'Independencia',13,NULL,NULL),(13109,'La Cisterna',13,NULL,NULL),(13110,'La Florida',13,NULL,NULL),(13111,'La Granja',13,NULL,NULL),(13112,'La Pintana',13,NULL,NULL),(13113,'La Reina',13,NULL,NULL),(13114,'Las Condes',13,NULL,NULL),(13115,'Lo Barnechea',13,NULL,NULL),(13116,'Lo Espejo',13,NULL,NULL),(13117,'Lo Prado',13,NULL,NULL),(13118,'Macul',13,NULL,NULL),(13119,'Maipu',13,NULL,NULL),(13120,'Ñuñoa',13,NULL,NULL),(13121,'Pedro Aguirre Cerda',13,NULL,NULL),(13122,'Peñalolén',13,NULL,NULL),(13123,'Providencia',13,NULL,NULL),(13124,'Pudahuel',13,NULL,NULL),(13125,'Quilicura',13,NULL,NULL),(13126,'Quinta Normal',13,NULL,NULL),(13127,'Recoleta',13,NULL,NULL),(13128,'Renca',13,NULL,NULL),(13129,'San Joaquín',13,NULL,NULL),(13130,'San Miguel',13,NULL,NULL),(13131,'San Ramón',13,NULL,NULL),(13132,'Vitacura',13,NULL,NULL),(13201,'Puente Alto',13,NULL,NULL),(13202,'Pirque',13,NULL,NULL),(13203,'San José de Maipo',13,NULL,NULL),(13301,'Colina',13,NULL,NULL),(13302,'Lampa',13,NULL,NULL),(13303,'Tiltil',13,NULL,NULL),(13401,'San Bernardo',13,NULL,NULL),(13402,'Buin',13,NULL,NULL),(13403,'Calera de Tango',13,NULL,NULL),(13404,'Paine',13,NULL,NULL),(13501,'Melipilla',13,NULL,NULL),(13502,'Alhué',13,NULL,NULL),(13503,'Curacaví',13,NULL,NULL),(13504,'Maria Pinto',13,NULL,NULL),(13505,'San Pedro',13,NULL,NULL),(13601,'Talagante',13,NULL,NULL),(13602,'El Monte',13,NULL,NULL),(13603,'Isla de Maipo',13,NULL,NULL),(13604,'Padre Hurtado',13,NULL,NULL),(13605,'Peñaflor',13,NULL,NULL),(14101,'Valdivia',14,NULL,NULL),(14102,'Corral',14,NULL,NULL),(14103,'Lanco',14,NULL,NULL),(14104,'Los Lagos',14,NULL,NULL),(14105,'Máfil',14,NULL,NULL),(14106,'Mariquina',14,NULL,NULL),(14107,'Paillaco',14,NULL,NULL),(14108,'Panguipulli',14,NULL,NULL),(14201,'La Unión',14,NULL,NULL),(14202,'Futrono',14,NULL,NULL),(14203,'Lago Ranco',14,NULL,NULL),(14204,'Río Bueno',14,NULL,NULL),(15101,'Arica',15,NULL,NULL),(15102,'Camarones',15,NULL,NULL),(15201,'Putre',15,NULL,NULL),(15202,'General Lagos',15,NULL,NULL);
/*!40000 ALTER TABLE `comunas` ENABLE KEYS */;
UNLOCK TABLES;

--
-- Table structure for table `continentes`
--

DROP TABLE IF EXISTS `continentes`;
/*!40101 SET @saved_cs_client     = @@character_set_client */;
 SET character_set_client = utf8mb4 ;
CREATE TABLE `continentes` (
  `continente_id` int(11) NOT NULL,
  `continente_nombre` varchar(255) COLLATE utf8mb4_unicode_ci DEFAULT NULL,
  `created_at` timestamp NULL DEFAULT NULL,
  `updated_at` timestamp NULL DEFAULT NULL
) ENGINE=InnoDB DEFAULT CHARSET=utf8mb4 COLLATE=utf8mb4_unicode_ci;
/*!40101 SET character_set_client = @saved_cs_client */;

--
-- Dumping data for table `continentes`
--

LOCK TABLES `continentes` WRITE;
/*!40000 ALTER TABLE `continentes` DISABLE KEYS */;
INSERT INTO `continentes` VALUES (1,'África',NULL,NULL),(2,'Asia',NULL,NULL),(3,'Europa',NULL,NULL),(4,'Oceanía',NULL,NULL),(5,'Norteamérica',NULL,NULL),(6,'Centroamérica',NULL,NULL),(7,'Sudamérica',NULL,NULL);
/*!40000 ALTER TABLE `continentes` ENABLE KEYS */;
UNLOCK TABLES;

--
-- Table structure for table `contratos`
--

DROP TABLE IF EXISTS `contratos`;
/*!40101 SET @saved_cs_client     = @@character_set_client */;
 SET character_set_client = utf8mb4 ;
CREATE TABLE `contratos` (
  `contrato_id` int(10) unsigned NOT NULL AUTO_INCREMENT,
  `ficha_trabajador_id` int(11) DEFAULT NULL,
  `tipo_contrato_id` int(11) DEFAULT NULL,
  `cargo_id` int(11) DEFAULT NULL,
  `contrato_fecha_inicio` date DEFAULT NULL,
  `contrato_horas_semanal` varchar(20) COLLATE utf8mb4_unicode_ci DEFAULT NULL,
  `contrato_sueldo_base` varchar(20) COLLATE utf8mb4_unicode_ci DEFAULT NULL,
  `creado_por_usuario_id` int(11) DEFAULT NULL,
  `modificado_por_usuario_id` int(11) DEFAULT NULL,
  `eliminado_por_usuario_id` int(11) DEFAULT NULL,
  `created_at` timestamp NULL DEFAULT NULL,
  `updated_at` timestamp NULL DEFAULT NULL,
  PRIMARY KEY (`contrato_id`)
) ENGINE=InnoDB DEFAULT CHARSET=utf8mb4 COLLATE=utf8mb4_unicode_ci;
/*!40101 SET character_set_client = @saved_cs_client */;

--
-- Dumping data for table `contratos`
--

LOCK TABLES `contratos` WRITE;
/*!40000 ALTER TABLE `contratos` DISABLE KEYS */;
/*!40000 ALTER TABLE `contratos` ENABLE KEYS */;
UNLOCK TABLES;

--
-- Table structure for table `cuenta_dependencias`
--

DROP TABLE IF EXISTS `cuenta_dependencias`;
/*!40101 SET @saved_cs_client     = @@character_set_client */;
 SET character_set_client = utf8mb4 ;
CREATE TABLE `cuenta_dependencias` (
  `cuenta_dependencia_id` int(10) unsigned NOT NULL AUTO_INCREMENT,
  `cuenta_dependencia_codigo` varchar(255) COLLATE utf8mb4_unicode_ci DEFAULT NULL,
  `cuenta_dependencia_nombre` varchar(255) COLLATE utf8mb4_unicode_ci DEFAULT NULL,
  `cuenta_dependencia_descripcion` varchar(5000) COLLATE utf8mb4_unicode_ci DEFAULT NULL,
  `creado_por_usuario_id` int(11) DEFAULT NULL,
  `modificado_por_usuario_id` int(11) DEFAULT NULL,
  `eliminado_por_usuario_id` int(11) DEFAULT NULL,
  `created_at` timestamp NULL DEFAULT NULL,
  `updated_at` timestamp NULL DEFAULT NULL,
  PRIMARY KEY (`cuenta_dependencia_id`)
) ENGINE=InnoDB AUTO_INCREMENT=4 DEFAULT CHARSET=utf8mb4 COLLATE=utf8mb4_unicode_ci;
/*!40101 SET character_set_client = @saved_cs_client */;

--
-- Dumping data for table `cuenta_dependencias`
--

LOCK TABLES `cuenta_dependencias` WRITE;
/*!40000 ALTER TABLE `cuenta_dependencias` DISABLE KEYS */;
INSERT INTO `cuenta_dependencias` VALUES (1,'PS','PS','PS',NULL,NULL,NULL,NULL,NULL),(2,'M-CM','M-CM','M-CM',NULL,NULL,NULL,NULL,NULL),(3,'M-CM-PS','M-CM-PS','M-CM-PS',NULL,NULL,NULL,NULL,NULL);
/*!40000 ALTER TABLE `cuenta_dependencias` ENABLE KEYS */;
UNLOCK TABLES;

--
-- Table structure for table `cuentas`
--

DROP TABLE IF EXISTS `cuentas`;
/*!40101 SET @saved_cs_client     = @@character_set_client */;
 SET character_set_client = utf8mb4 ;
CREATE TABLE `cuentas` (
  `cuenta_id` int(11) NOT NULL,
  `cuenta_codigo` varchar(255) COLLATE utf8mb4_unicode_ci DEFAULT NULL,
  `cuenta_nombre` varchar(255) COLLATE utf8mb4_unicode_ci DEFAULT NULL,
  `cuenta_descripcion` varchar(5000) COLLATE utf8mb4_unicode_ci DEFAULT NULL,
  `cuenta_titular` int(11) DEFAULT NULL,
  `cuenta_dependencia_id` int(11) DEFAULT NULL,
  `creado_por_usuario_id` int(11) DEFAULT NULL,
  `modificado_por_usuario_id` int(11) DEFAULT NULL,
  `eliminado_por_usuario_id` int(11) DEFAULT NULL,
  `created_at` timestamp NULL DEFAULT NULL,
  `updated_at` timestamp NULL DEFAULT NULL
) ENGINE=InnoDB DEFAULT CHARSET=utf8mb4 COLLATE=utf8mb4_unicode_ci;
/*!40101 SET character_set_client = @saved_cs_client */;

--
-- Dumping data for table `cuentas`
--

LOCK TABLES `cuentas` WRITE;
/*!40000 ALTER TABLE `cuentas` DISABLE KEYS */;
INSERT INTO `cuentas` VALUES (310400,NULL,'RELIQUIDACIONES, DEVOLUCIONES Y PAGOS MANUALES',NULL,0,NULL,NULL,NULL,NULL,NULL,NULL),(310403,NULL,'PAGOS MANUALES',NULL,1,3,NULL,NULL,NULL,NULL,NULL),(310404,NULL,'DEVOLUCIONES',NULL,1,3,NULL,NULL,NULL,NULL,NULL),(310500,NULL,'DESCUENTOS Y MULTAS',NULL,0,NULL,NULL,NULL,NULL,NULL,NULL),(310506,NULL,'DESCUENTO POR ANTICIPO SUBVENCIÓN LEY N° 20.822',NULL,1,2,NULL,NULL,NULL,NULL,NULL),(310507,NULL,'OTROS DESCUENTOS',NULL,1,3,NULL,NULL,NULL,NULL,NULL),(310600,NULL,'BONOS Y AGUINALDOS LEY DE REAJUSTE SECTOR PÚBLICO',NULL,0,NULL,NULL,NULL,NULL,NULL,NULL),(310607,NULL,'OTROS BONOS FISCALES',NULL,1,3,NULL,NULL,NULL,NULL,NULL),(310700,NULL,'OTROS INGRESOS FISCALES',NULL,0,NULL,NULL,NULL,NULL,NULL,NULL),(310701,NULL,'FRANQUICIA D.L. Nº 889',NULL,1,3,NULL,NULL,NULL,NULL,NULL),(310702,NULL,'OTROS INGRESOS FISCALES',NULL,1,3,NULL,NULL,NULL,NULL,NULL),(310704,NULL,'BONIFICACIÓN ADICIONAL POR ANTIGÜEDAD, ART. N° 6 LEY N° 20.652',NULL,1,2,NULL,NULL,NULL,NULL,NULL),(310705,NULL,'APORTE FISCAL EXTRAORDINARIO, ART. 6° Y 7° LEY N° 20.822',NULL,1,2,NULL,NULL,NULL,NULL,NULL),(310706,NULL,'APORTE COMPLEMENTARIO, ART. 6° LEY N° 20.822',NULL,1,2,NULL,NULL,NULL,NULL,NULL),(310800,NULL,'INGRESOS PROPIOS ESTABLECIMIENTO',NULL,0,NULL,NULL,NULL,NULL,NULL,NULL),(310801,NULL,'MATRÍCULAS',NULL,1,3,NULL,NULL,NULL,NULL,NULL),(310802,NULL,'DERECHOS ESCOLARIDAD',NULL,1,3,NULL,NULL,NULL,NULL,NULL),(310805,NULL,'INGRESOS INTERNADO PAGADO',NULL,1,3,NULL,NULL,NULL,NULL,NULL),(310806,NULL,'ARRIENDO DE INSTALACIONES',NULL,1,3,NULL,NULL,NULL,NULL,NULL),(310807,NULL,'OTROS INGRESOS DE LA OPERACIÓN',NULL,1,3,NULL,NULL,NULL,NULL,NULL),(310900,NULL,'DONACIONES',NULL,0,NULL,NULL,NULL,NULL,NULL,NULL),(310901,NULL,'CENTROS DE PADRES Y APODERADOS',NULL,1,3,NULL,NULL,NULL,NULL,NULL),(310902,NULL,'INSTITUCIONES Y EMPRESAS',NULL,1,3,NULL,NULL,NULL,NULL,NULL),(310903,NULL,'PERSONAS NATURALES',NULL,1,3,NULL,NULL,NULL,NULL,NULL),(310904,NULL,'OTRAS DONACIONES',NULL,1,3,NULL,NULL,NULL,NULL,NULL),(311100,NULL,'OTROS INGRESOS',NULL,0,NULL,NULL,NULL,NULL,NULL,NULL),(311101,NULL,'INTERESES Y REAJUSTES MERCADOS CAPITALES',NULL,1,3,NULL,NULL,NULL,NULL,NULL),(311102,NULL,'OTROS INGRESOS FINANCIEROS',NULL,1,3,NULL,NULL,NULL,NULL,NULL),(311103,NULL,'OTROS INGRESOS',NULL,1,3,NULL,NULL,NULL,NULL,NULL),(311104,NULL,'INGRESOS APOYO INICIO ACTIVIDAD',NULL,1,1,NULL,NULL,NULL,NULL,NULL),(311105,NULL,'REINTEGRO LICENCIAS MÉDICAS',NULL,1,2,NULL,NULL,NULL,NULL,NULL),(311106,NULL,'APORTE MUNICIPAL',NULL,1,2,NULL,NULL,NULL,NULL,NULL),(410300,NULL,'OTROS GASTOS EN PERSONAL',NULL,0,NULL,NULL,NULL,NULL,NULL,NULL),(410304,NULL,'OTROS GASTOS EN PERSONAL',NULL,1,3,NULL,NULL,NULL,NULL,NULL),(410309,NULL,'SALA CUNA',NULL,1,3,NULL,NULL,NULL,NULL,NULL),(410500,NULL,'ASESORÍA TÉCNICA Y CAPACITACIÓN',NULL,0,NULL,NULL,NULL,NULL,NULL,NULL),(410501,NULL,'ASESORÍA TÉCNICA Y CAPACITACIÓN DE EMPRESAS (REGISTRO ATE)',NULL,1,3,NULL,NULL,NULL,NULL,NULL),(410502,NULL,'PERFECCIONAMIENTO Y ESPECIALIZACIÓN DE RR.HH.',NULL,1,3,NULL,NULL,NULL,NULL,NULL),(410503,NULL,'CURSOS Y/O PERFECCIONAMIENTO (SIN ATE)',NULL,1,3,NULL,NULL,NULL,NULL,NULL),(410600,NULL,'GASTOS EN RECURSOS DE APRENDIZAJE',NULL,1,NULL,NULL,NULL,NULL,NULL,NULL),(410607,NULL,'EVENTOS EDUCATIVOS Y CULTURALES',NULL,1,3,NULL,NULL,NULL,NULL,NULL),(410608,NULL,'INSTRUMENTOS DE EVALUACIÓN DIAGNÓSTICA',NULL,1,3,NULL,NULL,NULL,NULL,NULL),(410800,NULL,'GASTOS BIENESTAR ALUMNOS',NULL,0,NULL,NULL,NULL,NULL,NULL,NULL),(410801,NULL,'UNIFORMES Y VESTUARIO',NULL,1,3,NULL,NULL,NULL,NULL,NULL),(410802,NULL,'OTROS GASTOS BIENESTAR ALUMNOS',NULL,1,3,NULL,NULL,NULL,NULL,NULL),(410803,NULL,'TALLERES EXTRAPROGRAMÁTICOS',NULL,1,3,NULL,NULL,NULL,NULL,NULL),(410804,NULL,'CONSULTAS MÉDICAS',NULL,1,3,NULL,NULL,NULL,NULL,NULL),(410900,NULL,'GASTOS DE OPERACIÓN',NULL,0,NULL,NULL,NULL,NULL,NULL,NULL),(410901,NULL,'TRANSPORTE ESCOLAR',NULL,1,3,NULL,NULL,NULL,NULL,NULL),(410903,NULL,'REPRODUCCIÓN DE DOCUMENTOS',NULL,1,3,NULL,NULL,NULL,NULL,NULL),(410904,NULL,'ALIMENTACIÓN',NULL,1,3,NULL,NULL,NULL,NULL,NULL),(410908,NULL,'PUBLICIDAD',NULL,1,3,NULL,NULL,NULL,NULL,NULL),(410910,NULL,'OTROS GASTOS DE OPERACIÓN',NULL,1,3,NULL,NULL,NULL,NULL,NULL),(411100,NULL,'SERVICIOS GENERALES',NULL,0,NULL,NULL,NULL,NULL,NULL,NULL),(411101,NULL,'CONTRATACIÓN SERVICIOS DE ASEO Y JARDINERIA',NULL,1,3,NULL,NULL,NULL,NULL,NULL),(411102,NULL,'CONTRATACIÓN SERVICIOS DE SEGURIDAD',NULL,1,3,NULL,NULL,NULL,NULL,NULL),(411103,NULL,'CONTRATACIÓN OTROS SERVICIOS EXTERNOS',NULL,1,3,NULL,NULL,NULL,NULL,NULL),(411600,NULL,'GASTOS EN CONSTRUCCIÓN Y MANTENCIÓN DE INFRAESTRUCTURA',NULL,0,NULL,NULL,NULL,NULL,NULL,NULL),(411601,NULL,'MANTENCIÓN Y REPARACIÓN DE INFRAESTRUCTURA',NULL,1,3,NULL,NULL,NULL,NULL,NULL),(411602,NULL,'CONSTRUCCIÓN DE INFRAESTRUCTURA [OBRA GRUESA]',NULL,1,3,NULL,NULL,NULL,NULL,NULL),(411603,NULL,'TERMINACIONES DE INFRAESTRUCTURA',NULL,1,3,NULL,NULL,NULL,NULL,NULL),(411604,NULL,'INSTALACIONES ELÉCTRICAS, ILUMINACIÓN Y SISTEMAS DE CALEFACCIÓN',NULL,1,3,NULL,NULL,NULL,NULL,NULL),(411605,NULL,'INSTALACIONES DE GAS',NULL,1,3,NULL,NULL,NULL,NULL,NULL),(411606,NULL,'INSTALACIONES DE AGUA',NULL,1,3,NULL,NULL,NULL,NULL,NULL),(411607,NULL,'ALCANTARILLADOS O POZOS SÉPTICOS',NULL,1,3,NULL,NULL,NULL,NULL,NULL),(411608,NULL,'CIERRES PERIMETRALES Y OBRAS COMPLEMENTARIAS',NULL,1,3,NULL,NULL,NULL,NULL,NULL),(411609,NULL,'SERVICIOS HIGIÉNICOS',NULL,1,3,NULL,NULL,NULL,NULL,NULL),(411610,NULL,'ELIMINACIÓN DE BARRERAS ARQUITECTÓNICAS DE MENOR ENVERGADURA',NULL,1,3,NULL,NULL,NULL,NULL,NULL),(411700,NULL,'GASTOS MANTENCIÓN Y REPARACIÓN DE BIENES MUEBLES',NULL,0,NULL,NULL,NULL,NULL,NULL,NULL),(411701,NULL,'MANTENCIÓN Y REPARACIÓN DE BIENES MUEBLES',NULL,1,3,NULL,NULL,NULL,NULL,NULL),(411702,NULL,'REPUESTOS, MANTENIMIENTO Y REPARACIÓN DE VEHÍCULOS',NULL,1,3,NULL,NULL,NULL,NULL,NULL),(411703,NULL,'MANTENCIÓN Y REPARACIÓN DE EQUIPOS COMPUTACIONALES',NULL,1,3,NULL,NULL,NULL,NULL,NULL),(411704,NULL,'MANTENCIÓN Y REPARACIÓN DE MOBILIARIO ESCOLAR',NULL,1,3,NULL,NULL,NULL,NULL,NULL),(411800,NULL,'ADQUISICIÓN DE BIENES MUEBLES E INMUEBLES',NULL,0,NULL,NULL,NULL,NULL,NULL,NULL),(411801,NULL,'ADQUISICIÓN DE BIENES INMUEBLES',NULL,1,3,NULL,NULL,NULL,NULL,NULL),(410100,NULL,'GASTOS REMUNERACIONALES ',NULL,0,NULL,NULL,NULL,NULL,NULL,NULL),(410120,NULL,'DEVOLUCIÓN BONOS REMUNERACIONALES FISCALES ',NULL,1,3,NULL,NULL,NULL,NULL,NULL),(410200,NULL,'GASTOS POR BONOS Y AGUINALDOS LEY DE REAJUSTE SECTOR PÚBLICO ',NULL,0,NULL,NULL,NULL,NULL,NULL,NULL),(410208,NULL,'DEVOLUCIÓN BONOS LEY DE REAJUSTE ',NULL,1,3,NULL,NULL,NULL,NULL,NULL),(410300,NULL,'OTROS GASTOS EN PERSONAL ',NULL,0,NULL,NULL,NULL,NULL,NULL,NULL),(410301,NULL,'INDEMNIZACIONES Y/O FERIADO PROPORCIONAL ',NULL,1,3,NULL,NULL,NULL,NULL,NULL),(410302,NULL,'VIÁTICOS ',NULL,1,3,NULL,NULL,NULL,NULL,NULL),(410303,NULL,'BONO RETIRO ASISTENTES EDUCACIÓN (LEY No 20.244, ART. 1o TRANSITORIO) ',NULL,1,2,NULL,NULL,NULL,NULL,NULL),(410306,NULL,'BONIFICACIÓN ADICIONAL POR ANTIGÜEDAD, ART. N° 6 LEY N° 20.652 ',NULL,1,2,NULL,NULL,NULL,NULL,NULL),(410307,NULL,'APORTE FISCAL EXTRAORDINARIO, ART. 6° Y 7° LEY N° 20.822 ',NULL,1,2,NULL,NULL,NULL,NULL,NULL),(410308,NULL,'APORTE COMPLEMENTARIO, ART. 6° LEY N°20.822 ',NULL,1,2,NULL,NULL,NULL,NULL,NULL),(410310,NULL,'SANEAMIENTO COTIZACIONES PREVISIONALES ',NULL,1,2,NULL,NULL,NULL,NULL,NULL),(410311,NULL,'SANEAMIENTO APORTES PREVISIONALES EMPLEADOR ',NULL,1,2,NULL,NULL,NULL,NULL,NULL),(410312,NULL,'BONIFICACIÓN POR RETIRO VOLUNTARIO AL PERSONAL ASISTENTE DE LA EDUCACION (LEY N°.20.964) ',NULL,1,2,NULL,NULL,NULL,NULL,NULL),(410600,NULL,'GASTOS EN RECURSOS DE APRENDIZAJE',NULL,0,NULL,NULL,NULL,NULL,NULL,NULL),(410601,NULL,'IMPLEMENTOS DE LABORATORIO',NULL,1,3,NULL,NULL,NULL,NULL,NULL),(410602,NULL,'IMPLEMENTOS DEPORTIVOS',NULL,1,3,NULL,NULL,NULL,NULL,NULL),(410603,NULL,'INSTRUMENTOS MUSICALES Y ARTÍSTICOS',NULL,1,3,NULL,NULL,NULL,NULL,NULL),(410604,NULL,'RECURSOS AUDIOVISUALES Y SOFTWARE EDUCATIVO',NULL,1,3,NULL,NULL,NULL,NULL,NULL),(410605,NULL,'MATERIAL Y RECURSOS DIDÁCTICOS',NULL,1,3,NULL,NULL,NULL,NULL,NULL),(410606,NULL,'BIBLIOTECAS, LIBROS Y REVISTAS',NULL,1,3,NULL,NULL,NULL,NULL,NULL),(410609,NULL,'OTROS GASTOS EN RECURSOS DE APRENDIZAJE',NULL,1,3,NULL,NULL,NULL,NULL,NULL),(410700,NULL,'GASTOS EN EQUIPAMIENTO DE APOYO PEDAGÓGICO',NULL,0,NULL,NULL,NULL,NULL,NULL,NULL),(410701,NULL,'EQUIPOS DE FOTOGRAFÍA Y FILMACIÓN',NULL,1,3,NULL,NULL,NULL,NULL,NULL),(410702,NULL,'PIZARRAS INTERACTIVAS',NULL,1,3,NULL,NULL,NULL,NULL,NULL),(410703,NULL,'EQUIPOS INFORMÁTICOS',NULL,1,3,NULL,NULL,NULL,NULL,NULL),(410704,NULL,'EQUIPOS REPRODUCTORES DE IMAGEN',NULL,1,3,NULL,NULL,NULL,NULL,NULL),(410705,NULL,'EQUIPOS MULTICOPIADORES',NULL,1,3,NULL,NULL,NULL,NULL,NULL),(410706,NULL,'EQUIPOS DE AMPLIFICACIÓN Y SONIDO',NULL,1,3,NULL,NULL,NULL,NULL,NULL),(410707,NULL,'OTROS GASTOS EN EQUIPAMIENTO DE APOYO PEDAGÓGICO',NULL,1,3,NULL,NULL,NULL,NULL,NULL),(410800,NULL,'GASTOS BIENESTAR ALUMNOS',NULL,0,NULL,NULL,NULL,NULL,NULL,NULL),(410805,NULL,'APOYO AL ESTUDIANTE',NULL,1,3,NULL,NULL,NULL,NULL,NULL),(410806,NULL,'ÚTILES ESCOLARES',NULL,1,3,NULL,NULL,NULL,NULL,NULL),(410900,NULL,'GASTOS DE OPERACIÓN',NULL,0,NULL,NULL,NULL,NULL,NULL,NULL),(410902,NULL,'MATERIALES DE OFICINA',NULL,1,3,NULL,NULL,NULL,NULL,NULL),(410905,NULL,'INSUMOS COMPUTACIONALES',NULL,1,3,NULL,NULL,NULL,NULL,NULL),(410906,NULL,'COMBUSTIBLE Y PEAJES',NULL,1,3,NULL,NULL,NULL,NULL,NULL),(410907,NULL,'MATERIALES Y ÚTILES DE ASEO',NULL,1,3,NULL,NULL,NULL,NULL,NULL),(410909,NULL,'PASAJES',NULL,1,3,NULL,NULL,NULL,NULL,NULL),(410911,NULL,'GASTOS MUNICIPALES E IMPUESTOS',NULL,1,3,NULL,NULL,NULL,NULL,NULL),(410912,NULL,'CRÉDITOS FINANCIEROS',NULL,1,3,NULL,NULL,NULL,NULL,NULL),(410913,NULL,'GASTOS BANCARIOS',NULL,1,3,NULL,NULL,NULL,NULL,NULL),(410914,NULL,'DEVOLUCIÓN APOYO INICIO ACTIVIDAD',NULL,1,1,NULL,NULL,NULL,NULL,NULL),(410915,NULL,'REINTEGROS FONDO DE APOYO A LA EDUCACIÓN PÚBLICA (FAEP)',NULL,1,2,NULL,NULL,NULL,NULL,NULL),(410916,NULL,'CONTRATACIÓN DE SEGUROS',NULL,1,3,NULL,NULL,NULL,NULL,NULL),(410917,NULL,'DEVOLUCIONES A MINEDUC',NULL,1,3,NULL,NULL,NULL,NULL,NULL),(411000,NULL,'SERVICIOS BÁSICOS',NULL,0,NULL,NULL,NULL,NULL,NULL,NULL),(411001,NULL,'INTERNET',NULL,1,3,NULL,NULL,NULL,NULL,NULL),(411002,NULL,'AGUA',NULL,1,3,NULL,NULL,NULL,NULL,NULL),(411003,NULL,'GAS',NULL,1,3,NULL,NULL,NULL,NULL,NULL),(411004,NULL,'ELECTRICIDAD',NULL,1,3,NULL,NULL,NULL,NULL,NULL),(411005,NULL,'SERVICIO DE CORRESPONDENCIA (CORREOS)',NULL,1,3,NULL,NULL,NULL,NULL,NULL),(411006,NULL,'TELEFONÍA (MÓVIL Y FIJA)',NULL,1,3,NULL,NULL,NULL,NULL,NULL),(411007,NULL,'CALEFACCIÓN',NULL,1,3,NULL,NULL,NULL,NULL,NULL),(411008,NULL,'OTROS GASTOS SERVICIOS BÁSICOS',NULL,1,3,NULL,NULL,NULL,NULL,NULL),(411200,NULL,'MULTAS E INTERESES',NULL,0,NULL,NULL,NULL,NULL,NULL,NULL),(411201,NULL,'MULTAS E INTERESES FISCALES Y PREVISIONALES',NULL,1,3,NULL,NULL,NULL,NULL,NULL),(411400,NULL,'ARRIENDOS DE INMUEBLES',NULL,0,NULL,NULL,NULL,NULL,NULL,NULL),(411401,NULL,'ARRIENDO DE LOCAL ESCOLAR',NULL,1,3,NULL,NULL,NULL,NULL,NULL),(411402,NULL,'ARRIENDO DE OFICINAS Y/O DEPENDENCIAS DE ADMINISTRACIÓN',NULL,1,3,NULL,NULL,NULL,NULL,NULL),(411403,NULL,'ARRIENDO DE OTROS BIENES INMUEBLES',NULL,1,3,NULL,NULL,NULL,NULL,NULL),(411500,NULL,'ARRIENDOS DE BIENES MUEBLES',NULL,1,NULL,NULL,NULL,NULL,NULL,NULL),(411501,NULL,'ARRIENDO DE EQUIPOS INFORMÁTICOS',NULL,1,3,NULL,NULL,NULL,NULL,NULL),(411502,NULL,'ARRIENDO DE MAQUINARIAS Y EQUIPOS',NULL,1,3,NULL,NULL,NULL,NULL,NULL),(411503,NULL,'ARRIENDO DE MOBILIARIO',NULL,1,3,NULL,NULL,NULL,NULL,NULL),(411504,NULL,'ARRIENDO DE OTROS BIENES MUEBLES',NULL,1,3,NULL,NULL,NULL,NULL,NULL),(411800,NULL,'ADQUISICIÓN DE BIENES MUEBLES E INMUEBLES',NULL,0,NULL,NULL,NULL,NULL,NULL,NULL),(411802,NULL,'ADQUISICIÓN DE MOBILIARIO',NULL,1,3,NULL,NULL,NULL,NULL,NULL),(411803,NULL,'VEHÍCULO',NULL,1,3,NULL,NULL,NULL,NULL,NULL),(411804,NULL,'ADQUISICIÓN DE OTROS BIENES MUEBLES NO PEDAGÓGICOS',NULL,1,3,NULL,NULL,NULL,NULL,NULL),(410100,NULL,'GASTOS REMUNERACIONALES',NULL,0,NULL,NULL,NULL,NULL,NULL,NULL),(410101,NULL,'SUELDO BASE',NULL,1,3,NULL,NULL,NULL,NULL,NULL),(410102,NULL,'HORAS EXTRAS',NULL,1,3,NULL,NULL,NULL,NULL,NULL),(410103,NULL,'LEY Nº 19.933 (INCLUYE ART. 41 DFL Nº 2/98 ED.)',NULL,1,3,NULL,NULL,NULL,NULL,NULL),(410104,NULL,'INCREMENTO % ZONA',NULL,1,3,NULL,NULL,NULL,NULL,NULL),(410105,NULL,'BRP TÍTULO Y MENCIÓN LEY Nº 20.158 LEY 19.464 ASISTENTES (INCLUYE',NULL,1,3,NULL,NULL,NULL,NULL,NULL),(410106,NULL,'INTERNADOS) (ART. 5º TRANS. DFL Nº 2/98 ED.',NULL,1,3,NULL,NULL,NULL,NULL,NULL),(410107,NULL,'ASIGNACIÓN DESEMPEÑO CONDICIONES DIFÍCILES DOCENTES',NULL,1,3,NULL,NULL,NULL,NULL,NULL),(410108,NULL,'BONIFICACIÓN COMPENSATORIA, ART.3°,LEY N° 19.200',NULL,1,2,NULL,NULL,NULL,NULL,NULL),(410109,NULL,'SNED DOCENTES ART. 40 DFL Nº 2/98 ED.',NULL,1,3,NULL,NULL,NULL,NULL,NULL),(410110,NULL,'SNED ASISTENTES EDUCACIÓN LEY Nº 20.244',NULL,1,3,NULL,NULL,NULL,NULL,NULL),(410111,NULL,'UMP COMPLEMENTARIA INCISO 2° ART.10°,LEY N° 19.278',NULL,1,2,NULL,NULL,NULL,NULL,NULL),(410112,NULL,'BONIFICACIÓN DE PROFESORES ENCARGADOS, LEY N°19.715, ART.13',NULL,1,3,NULL,NULL,NULL,NULL,NULL),(410113,NULL,'ASIGNACIÓN DE EXCELENCIA PEDAGÓGICA (AEP) LEY N°19.715',NULL,1,3,NULL,NULL,NULL,NULL,NULL),(410114,NULL,'ASIGNACIÓN VARIABLE DE DESEMPEÑO INDIVIDUAL ART.17, LEY N°19.933',NULL,1,2,NULL,NULL,NULL,NULL,NULL),(410115,NULL,'ASIGNACIÓN POR DESEMPEÑO COLECTIVO, ART.18, LEY N°19.933',NULL,1,3,NULL,NULL,NULL,NULL,NULL),(410116,NULL,'ASIGNACIONES',NULL,1,3,NULL,NULL,NULL,NULL,NULL),(410117,NULL,'PAGO OTROS BONOS DOCENTES FISCALES',NULL,1,3,NULL,NULL,NULL,NULL,NULL),(410118,NULL,'PAGO OTROS BONOS ASISTENTES DE LA EDUCACIÓN FISCALES',NULL,1,3,NULL,NULL,NULL,NULL,NULL),(410119,NULL,'COLACIÓN Y MOVILIZACIÓN',NULL,1,3,NULL,NULL,NULL,NULL,NULL),(410121,NULL,'BONOS ACORDADOS CON EL SOSTENEDOR',NULL,1,3,NULL,NULL,NULL,NULL,NULL),(410123,NULL,'ASIGNACIÓN DESEMPEÑO CONDICIONES DIFÍCILES ASISTENTES DE LA EDUCACIÓN',NULL,1,3,NULL,NULL,NULL,NULL,NULL),(410124,NULL,'BONO INCENTIVO AL DESEMPEÑO LEY N°20.248 ART. 8° N°4',NULL,1,3,NULL,NULL,NULL,NULL,NULL),(410125,NULL,'LEY N°19.410 (planilla complementaria)',NULL,1,3,NULL,NULL,NULL,NULL,NULL),(410126,NULL,'BONO EXTRAORDINARIO SUBVENCIÓN ADICIONAL ESPECIAL (BONO SAE)',NULL,1,3,NULL,NULL,NULL,NULL,NULL),(410127,NULL,'ASIGNACIÓN DE RECONOCIMIENTO POR DOCENCIA EN EACAP',NULL,1,2,NULL,NULL,NULL,NULL,NULL),(410128,NULL,'ASIGNACIÓN POR TRAMO DE DESARROLLO PROFESIONAL',NULL,1,2,NULL,NULL,NULL,NULL,NULL),(410129,NULL,'PLANILLA SUPLEMENTARIA ART 64 DFL 1°/98',NULL,1,2,NULL,NULL,NULL,NULL,NULL),(410200,NULL,'GASTOS POR BONOS Y AGUINALDOS LEY DE REAJUSTE SECTOR PÚBLICO',NULL,0,NULL,NULL,NULL,NULL,NULL,NULL),(410201,NULL,'PAGO BONO DE ESCOLARIDAD Y ADICIONAL',NULL,1,3,NULL,NULL,NULL,NULL,NULL),(410202,NULL,'PAGO AGUINALDO DE NAVIDAD',NULL,1,3,NULL,NULL,NULL,NULL,NULL),(410203,NULL,'PAGO AGUINALDO DE FIESTAS PATRIAS',NULL,1,3,NULL,NULL,NULL,NULL,NULL),(410204,NULL,'PAGO BONO ESPECIAL',NULL,1,3,NULL,NULL,NULL,NULL,NULL),(410205,NULL,'PAGO BONO VACACIONES',NULL,1,3,NULL,NULL,NULL,NULL,NULL),(410206,NULL,'PAGO BONO DESEMPEÑO LABORAL',NULL,1,3,NULL,NULL,NULL,NULL,NULL),(410207,NULL,'OTROS BONOS NO IMPONIBLES LEY DE REAJUSTE',NULL,1,3,NULL,NULL,NULL,NULL,NULL),(410400,NULL,'APORTES PREVISIONALES',NULL,0,NULL,NULL,NULL,NULL,NULL,NULL),(410401,NULL,'SEGURO DE ACCIDENTE DEL TRABAJO',NULL,1,3,NULL,NULL,NULL,NULL,NULL),(410402,NULL,'SEGURO DE CESANTÍA',NULL,1,3,NULL,NULL,NULL,NULL,NULL),(410403,NULL,'SEGURO DE INVALIDEZ Y SOBREVIVENCIA (SIS)',NULL,1,3,NULL,NULL,NULL,NULL,NULL),(410404,NULL,'OTROS APORTES PREVISIONALES DEL SOSTENEDOR',NULL,1,3,NULL,NULL,NULL,NULL,NULL);
/*!40000 ALTER TABLE `cuentas` ENABLE KEYS */;
UNLOCK TABLES;

--
-- Table structure for table `establecimientos`
--

DROP TABLE IF EXISTS `establecimientos`;
/*!40101 SET @saved_cs_client     = @@character_set_client */;
 SET character_set_client = utf8mb4 ;
CREATE TABLE `establecimientos` (
  `establecimiento_id` int(10) unsigned NOT NULL AUTO_INCREMENT,
  `establecimiento_rbd` varchar(255) COLLATE utf8mb4_unicode_ci DEFAULT NULL,
  `establecimiento_nombre` varchar(255) COLLATE utf8mb4_unicode_ci DEFAULT NULL,
  `establecimiento_direccion` varchar(255) COLLATE utf8mb4_unicode_ci DEFAULT NULL,
  `establecimiento_descripcion` varchar(5000) COLLATE utf8mb4_unicode_ci DEFAULT NULL,
  `creado_por_usuario_id` int(11) DEFAULT NULL,
  `modificado_por_usuario_id` int(11) DEFAULT NULL,
  `eliminado_por_usuario_id` int(11) DEFAULT NULL,
  `region_id` int(11) DEFAULT NULL,
  `comuna_id` int(11) DEFAULT NULL,
  `created_at` timestamp NULL DEFAULT NULL,
  `updated_at` timestamp NULL DEFAULT NULL,
  PRIMARY KEY (`establecimiento_id`)
) ENGINE=InnoDB DEFAULT CHARSET=utf8mb4 COLLATE=utf8mb4_unicode_ci;
/*!40101 SET character_set_client = @saved_cs_client */;

--
-- Dumping data for table `establecimientos`
--

LOCK TABLES `establecimientos` WRITE;
/*!40000 ALTER TABLE `establecimientos` DISABLE KEYS */;
/*!40000 ALTER TABLE `establecimientos` ENABLE KEYS */;
UNLOCK TABLES;

--
-- Table structure for table `ficha_trabajadores`
--

DROP TABLE IF EXISTS `ficha_trabajadores`;
/*!40101 SET @saved_cs_client     = @@character_set_client */;
 SET character_set_client = utf8mb4 ;
CREATE TABLE `ficha_trabajadores` (
  `ficha_trabajador_id` int(10) unsigned NOT NULL AUTO_INCREMENT,
  `ficha_rut` varchar(10) COLLATE utf8mb4_unicode_ci DEFAULT NULL,
  `ficha_dv` varchar(1) COLLATE utf8mb4_unicode_ci DEFAULT NULL,
  `ficha_genero` varchar(255) COLLATE utf8mb4_unicode_ci DEFAULT NULL,
  `ficha_nombre` varchar(255) COLLATE utf8mb4_unicode_ci DEFAULT NULL,
  `ficha_apellido_paterno` varchar(255) COLLATE utf8mb4_unicode_ci DEFAULT NULL,
  `ficha_apellido_materno` varchar(255) COLLATE utf8mb4_unicode_ci DEFAULT NULL,
  `ficha_fecha_nacimiento` date DEFAULT NULL,
  `creado_por_usuario_id` int(11) DEFAULT NULL,
  `modificado_por_usuario_id` int(11) DEFAULT NULL,
  `eliminado_por_usuario_id` int(11) DEFAULT NULL,
  `establecimiento_id` int(11) DEFAULT NULL,
  `created_at` timestamp NULL DEFAULT NULL,
  `updated_at` timestamp NULL DEFAULT NULL,
  PRIMARY KEY (`ficha_trabajador_id`)
) ENGINE=InnoDB DEFAULT CHARSET=utf8mb4 COLLATE=utf8mb4_unicode_ci;
/*!40101 SET character_set_client = @saved_cs_client */;

--
-- Dumping data for table `ficha_trabajadores`
--

LOCK TABLES `ficha_trabajadores` WRITE;
/*!40000 ALTER TABLE `ficha_trabajadores` DISABLE KEYS */;
/*!40000 ALTER TABLE `ficha_trabajadores` ENABLE KEYS */;
UNLOCK TABLES;

--
-- Table structure for table `ingresos`
--

DROP TABLE IF EXISTS `ingresos`;
/*!40101 SET @saved_cs_client     = @@character_set_client */;
 SET character_set_client = utf8mb4 ;
CREATE TABLE `ingresos` (
  `ingreso_id` int(10) unsigned NOT NULL AUTO_INCREMENT,
  `ingreso_codigo` varchar(255) COLLATE utf8mb4_unicode_ci DEFAULT NULL,
  `ingreso_nombre` varchar(255) COLLATE utf8mb4_unicode_ci DEFAULT NULL,
  `ingreso_descripcion` varchar(255) COLLATE utf8mb4_unicode_ci DEFAULT NULL,
  `creado_por_usuario_id` int(11) DEFAULT NULL,
  `modificado_por_usuario_id` int(11) DEFAULT NULL,
  `eliminado_por_usuario_id` int(11) DEFAULT NULL,
  `created_at` timestamp NULL DEFAULT NULL,
  `updated_at` timestamp NULL DEFAULT NULL,
  PRIMARY KEY (`ingreso_id`)
) ENGINE=InnoDB DEFAULT CHARSET=utf8mb4 COLLATE=utf8mb4_unicode_ci;
/*!40101 SET character_set_client = @saved_cs_client */;

--
-- Dumping data for table `ingresos`
--

LOCK TABLES `ingresos` WRITE;
/*!40000 ALTER TABLE `ingresos` DISABLE KEYS */;
/*!40000 ALTER TABLE `ingresos` ENABLE KEYS */;
UNLOCK TABLES;

--
-- Table structure for table `libro_cuentas`
--

DROP TABLE IF EXISTS `libro_cuentas`;
/*!40101 SET @saved_cs_client     = @@character_set_client */;
 SET character_set_client = utf8mb4 ;
CREATE TABLE `libro_cuentas` (
  `libro_cuenta_id` int(10) unsigned NOT NULL AUTO_INCREMENT,
  `libro_id` int(11) DEFAULT NULL,
  `cuenta_id` int(11) DEFAULT NULL,
  `creado_por_usuario_id` int(11) DEFAULT NULL,
  `modificado_por_usuario_id` int(11) DEFAULT NULL,
  `eliminado_por_usuario_id` int(11) DEFAULT NULL,
  `created_at` timestamp NULL DEFAULT NULL,
  `updated_at` timestamp NULL DEFAULT NULL,
  PRIMARY KEY (`libro_cuenta_id`)
) ENGINE=InnoDB AUTO_INCREMENT=189 DEFAULT CHARSET=utf8mb4 COLLATE=utf8mb4_unicode_ci;
/*!40101 SET character_set_client = @saved_cs_client */;

--
-- Dumping data for table `libro_cuentas`
--

LOCK TABLES `libro_cuentas` WRITE;
/*!40000 ALTER TABLE `libro_cuentas` DISABLE KEYS */;
INSERT INTO `libro_cuentas` VALUES (1,4,410101,NULL,NULL,NULL,NULL,NULL),(2,4,410102,NULL,NULL,NULL,NULL,NULL),(3,4,410103,NULL,NULL,NULL,NULL,NULL),(4,4,410104,NULL,NULL,NULL,NULL,NULL),(5,4,410105,NULL,NULL,NULL,NULL,NULL),(6,4,410106,NULL,NULL,NULL,NULL,NULL),(7,4,410107,NULL,NULL,NULL,NULL,NULL),(8,4,410108,NULL,NULL,NULL,NULL,NULL),(9,4,410109,NULL,NULL,NULL,NULL,NULL),(10,4,410110,NULL,NULL,NULL,NULL,NULL),(11,4,410111,NULL,NULL,NULL,NULL,NULL),(12,4,410112,NULL,NULL,NULL,NULL,NULL),(13,4,410113,NULL,NULL,NULL,NULL,NULL),(14,4,410114,NULL,NULL,NULL,NULL,NULL),(15,4,410115,NULL,NULL,NULL,NULL,NULL),(16,4,410116,NULL,NULL,NULL,NULL,NULL),(17,4,410117,NULL,NULL,NULL,NULL,NULL),(18,4,410118,NULL,NULL,NULL,NULL,NULL),(19,4,410119,NULL,NULL,NULL,NULL,NULL),(20,4,410121,NULL,NULL,NULL,NULL,NULL),(21,4,410123,NULL,NULL,NULL,NULL,NULL),(22,4,410124,NULL,NULL,NULL,NULL,NULL),(23,4,410125,NULL,NULL,NULL,NULL,NULL),(24,4,410126,NULL,NULL,NULL,NULL,NULL),(25,4,410127,NULL,NULL,NULL,NULL,NULL),(26,4,410128,NULL,NULL,NULL,NULL,NULL),(27,4,410129,NULL,NULL,NULL,NULL,NULL),(28,4,410201,NULL,NULL,NULL,NULL,NULL),(29,4,410202,NULL,NULL,NULL,NULL,NULL),(30,4,410203,NULL,NULL,NULL,NULL,NULL),(31,4,410204,NULL,NULL,NULL,NULL,NULL),(32,4,410205,NULL,NULL,NULL,NULL,NULL),(33,4,410206,NULL,NULL,NULL,NULL,NULL),(34,4,410207,NULL,NULL,NULL,NULL,NULL),(35,4,410401,NULL,NULL,NULL,NULL,NULL),(36,4,410402,NULL,NULL,NULL,NULL,NULL),(37,4,410403,NULL,NULL,NULL,NULL,NULL),(38,4,410404,NULL,NULL,NULL,NULL,NULL),(39,2,410120,NULL,NULL,NULL,NULL,NULL),(40,2,410208,NULL,NULL,NULL,NULL,NULL),(41,2,410301,NULL,NULL,NULL,NULL,NULL),(42,2,410302,NULL,NULL,NULL,NULL,NULL),(43,2,410303,NULL,NULL,NULL,NULL,NULL),(44,2,410306,NULL,NULL,NULL,NULL,NULL),(45,2,410307,NULL,NULL,NULL,NULL,NULL),(46,2,410308,NULL,NULL,NULL,NULL,NULL),(47,2,410310,NULL,NULL,NULL,NULL,NULL),(48,2,410311,NULL,NULL,NULL,NULL,NULL),(49,2,410312,NULL,NULL,NULL,NULL,NULL),(50,2,410601,NULL,NULL,NULL,NULL,NULL),(51,2,410602,NULL,NULL,NULL,NULL,NULL),(52,2,410603,NULL,NULL,NULL,NULL,NULL),(53,2,410604,NULL,NULL,NULL,NULL,NULL),(54,2,410605,NULL,NULL,NULL,NULL,NULL),(55,2,410606,NULL,NULL,NULL,NULL,NULL),(56,2,410609,NULL,NULL,NULL,NULL,NULL),(57,2,410701,NULL,NULL,NULL,NULL,NULL),(58,2,410702,NULL,NULL,NULL,NULL,NULL),(59,2,410703,NULL,NULL,NULL,NULL,NULL),(60,2,410704,NULL,NULL,NULL,NULL,NULL),(61,2,410705,NULL,NULL,NULL,NULL,NULL),(62,2,410706,NULL,NULL,NULL,NULL,NULL),(63,2,410707,NULL,NULL,NULL,NULL,NULL),(64,2,410805,NULL,NULL,NULL,NULL,NULL),(65,2,410806,NULL,NULL,NULL,NULL,NULL),(66,2,410902,NULL,NULL,NULL,NULL,NULL),(67,2,410905,NULL,NULL,NULL,NULL,NULL),(68,2,410906,NULL,NULL,NULL,NULL,NULL),(69,2,410907,NULL,NULL,NULL,NULL,NULL),(70,2,410909,NULL,NULL,NULL,NULL,NULL),(71,2,410911,NULL,NULL,NULL,NULL,NULL),(72,2,410912,NULL,NULL,NULL,NULL,NULL),(73,2,410913,NULL,NULL,NULL,NULL,NULL),(74,2,410914,NULL,NULL,NULL,NULL,NULL),(75,2,410915,NULL,NULL,NULL,NULL,NULL),(76,2,410916,NULL,NULL,NULL,NULL,NULL),(77,2,410917,NULL,NULL,NULL,NULL,NULL),(78,2,411001,NULL,NULL,NULL,NULL,NULL),(79,2,411002,NULL,NULL,NULL,NULL,NULL),(80,2,411003,NULL,NULL,NULL,NULL,NULL),(81,2,411004,NULL,NULL,NULL,NULL,NULL),(82,2,411005,NULL,NULL,NULL,NULL,NULL),(83,2,411006,NULL,NULL,NULL,NULL,NULL),(84,2,411007,NULL,NULL,NULL,NULL,NULL),(85,2,411008,NULL,NULL,NULL,NULL,NULL),(86,2,411201,NULL,NULL,NULL,NULL,NULL),(87,2,411401,NULL,NULL,NULL,NULL,NULL),(88,2,411402,NULL,NULL,NULL,NULL,NULL),(89,2,411403,NULL,NULL,NULL,NULL,NULL),(90,2,411501,NULL,NULL,NULL,NULL,NULL),(91,2,411502,NULL,NULL,NULL,NULL,NULL),(92,2,411503,NULL,NULL,NULL,NULL,NULL),(93,2,411504,NULL,NULL,NULL,NULL,NULL),(94,2,411802,NULL,NULL,NULL,NULL,NULL),(95,2,411803,NULL,NULL,NULL,NULL,NULL),(96,2,411804,NULL,NULL,NULL,NULL,NULL),(97,2,410304,NULL,NULL,NULL,NULL,NULL),(98,2,410309,NULL,NULL,NULL,NULL,NULL),(99,2,410501,NULL,NULL,NULL,NULL,NULL),(100,2,410502,NULL,NULL,NULL,NULL,NULL),(101,2,410503,NULL,NULL,NULL,NULL,NULL),(102,2,410607,NULL,NULL,NULL,NULL,NULL),(103,2,410608,NULL,NULL,NULL,NULL,NULL),(104,2,410801,NULL,NULL,NULL,NULL,NULL),(105,2,410802,NULL,NULL,NULL,NULL,NULL),(106,2,410804,NULL,NULL,NULL,NULL,NULL),(107,2,410901,NULL,NULL,NULL,NULL,NULL),(108,2,410903,NULL,NULL,NULL,NULL,NULL),(109,2,410904,NULL,NULL,NULL,NULL,NULL),(110,2,410908,NULL,NULL,NULL,NULL,NULL),(111,2,410910,NULL,NULL,NULL,NULL,NULL),(112,2,411101,NULL,NULL,NULL,NULL,NULL),(113,2,411102,NULL,NULL,NULL,NULL,NULL),(114,2,411103,NULL,NULL,NULL,NULL,NULL),(115,2,411601,NULL,NULL,NULL,NULL,NULL),(116,2,411602,NULL,NULL,NULL,NULL,NULL),(117,2,411603,NULL,NULL,NULL,NULL,NULL),(118,2,411604,NULL,NULL,NULL,NULL,NULL),(119,2,411605,NULL,NULL,NULL,NULL,NULL),(120,2,411606,NULL,NULL,NULL,NULL,NULL),(121,2,411607,NULL,NULL,NULL,NULL,NULL),(122,2,411608,NULL,NULL,NULL,NULL,NULL),(123,2,411609,NULL,NULL,NULL,NULL,NULL),(124,2,411610,NULL,NULL,NULL,NULL,NULL),(125,2,411701,NULL,NULL,NULL,NULL,NULL),(126,2,411702,NULL,NULL,NULL,NULL,NULL),(127,2,411703,NULL,NULL,NULL,NULL,NULL),(128,2,411704,NULL,NULL,NULL,NULL,NULL),(129,2,411801,NULL,NULL,NULL,NULL,NULL),(130,3,410304,NULL,NULL,NULL,NULL,NULL),(131,3,410309,NULL,NULL,NULL,NULL,NULL),(132,3,410501,NULL,NULL,NULL,NULL,NULL),(133,3,410502,NULL,NULL,NULL,NULL,NULL),(134,3,410503,NULL,NULL,NULL,NULL,NULL),(135,3,410607,NULL,NULL,NULL,NULL,NULL),(136,3,410608,NULL,NULL,NULL,NULL,NULL),(137,3,410801,NULL,NULL,NULL,NULL,NULL),(138,3,410802,NULL,NULL,NULL,NULL,NULL),(139,3,410803,NULL,NULL,NULL,NULL,NULL),(140,3,410804,NULL,NULL,NULL,NULL,NULL),(141,3,410901,NULL,NULL,NULL,NULL,NULL),(142,3,410903,NULL,NULL,NULL,NULL,NULL),(143,3,410904,NULL,NULL,NULL,NULL,NULL),(144,3,410908,NULL,NULL,NULL,NULL,NULL),(145,3,410910,NULL,NULL,NULL,NULL,NULL),(146,3,411101,NULL,NULL,NULL,NULL,NULL),(147,3,411102,NULL,NULL,NULL,NULL,NULL),(148,3,411103,NULL,NULL,NULL,NULL,NULL),(149,3,411601,NULL,NULL,NULL,NULL,NULL),(150,3,411602,NULL,NULL,NULL,NULL,NULL),(151,3,411603,NULL,NULL,NULL,NULL,NULL),(152,3,411604,NULL,NULL,NULL,NULL,NULL),(153,3,411605,NULL,NULL,NULL,NULL,NULL),(154,3,411606,NULL,NULL,NULL,NULL,NULL),(155,3,411607,NULL,NULL,NULL,NULL,NULL),(156,3,411608,NULL,NULL,NULL,NULL,NULL),(157,3,411609,NULL,NULL,NULL,NULL,NULL),(158,3,411610,NULL,NULL,NULL,NULL,NULL),(159,3,411701,NULL,NULL,NULL,NULL,NULL),(160,3,411702,NULL,NULL,NULL,NULL,NULL),(161,3,411703,NULL,NULL,NULL,NULL,NULL),(162,3,411704,NULL,NULL,NULL,NULL,NULL),(163,3,411801,NULL,NULL,NULL,NULL,NULL),(164,5,310403,NULL,NULL,NULL,NULL,NULL),(165,5,310404,NULL,NULL,NULL,NULL,NULL),(166,5,310506,NULL,NULL,NULL,NULL,NULL),(167,5,310507,NULL,NULL,NULL,NULL,NULL),(168,5,310607,NULL,NULL,NULL,NULL,NULL),(169,5,310701,NULL,NULL,NULL,NULL,NULL),(170,5,310702,NULL,NULL,NULL,NULL,NULL),(171,5,310704,NULL,NULL,NULL,NULL,NULL),(172,5,310705,NULL,NULL,NULL,NULL,NULL),(173,5,310706,NULL,NULL,NULL,NULL,NULL),(174,5,310801,NULL,NULL,NULL,NULL,NULL),(175,5,310802,NULL,NULL,NULL,NULL,NULL),(176,5,310805,NULL,NULL,NULL,NULL,NULL),(177,5,310806,NULL,NULL,NULL,NULL,NULL),(178,5,310807,NULL,NULL,NULL,NULL,NULL),(179,5,310901,NULL,NULL,NULL,NULL,NULL),(180,5,310902,NULL,NULL,NULL,NULL,NULL),(181,5,310903,NULL,NULL,NULL,NULL,NULL),(182,5,310904,NULL,NULL,NULL,NULL,NULL),(183,5,311101,NULL,NULL,NULL,NULL,NULL),(184,5,311102,NULL,NULL,NULL,NULL,NULL),(185,5,311103,NULL,NULL,NULL,NULL,NULL),(186,5,311104,NULL,NULL,NULL,NULL,NULL),(187,5,311105,NULL,NULL,NULL,NULL,NULL),(188,5,311106,NULL,NULL,NULL,NULL,NULL);
/*!40000 ALTER TABLE `libro_cuentas` ENABLE KEYS */;
UNLOCK TABLES;

--
-- Table structure for table `libro_tipo_documentos`
--

DROP TABLE IF EXISTS `libro_tipo_documentos`;
/*!40101 SET @saved_cs_client     = @@character_set_client */;
 SET character_set_client = utf8mb4 ;
CREATE TABLE `libro_tipo_documentos` (
  `libro_tipo_documento_id` int(10) unsigned NOT NULL AUTO_INCREMENT,
  `libro_id` int(11) NOT NULL,
  `tipo_documento_id` int(11) NOT NULL,
  `creado_por_usuario_id` int(11) DEFAULT NULL,
  `modificado_por_usuario_id` int(11) DEFAULT NULL,
  `eliminado_por_usuario_id` int(11) DEFAULT NULL,
  `created_at` timestamp NULL DEFAULT NULL,
  `updated_at` timestamp NULL DEFAULT NULL,
  PRIMARY KEY (`libro_tipo_documento_id`)
) ENGINE=InnoDB DEFAULT CHARSET=utf8mb4 COLLATE=utf8mb4_unicode_ci;
/*!40101 SET character_set_client = @saved_cs_client */;

--
-- Dumping data for table `libro_tipo_documentos`
--

LOCK TABLES `libro_tipo_documentos` WRITE;
/*!40000 ALTER TABLE `libro_tipo_documentos` DISABLE KEYS */;
/*!40000 ALTER TABLE `libro_tipo_documentos` ENABLE KEYS */;
UNLOCK TABLES;

--
-- Table structure for table `libros`
--

DROP TABLE IF EXISTS `libros`;
/*!40101 SET @saved_cs_client     = @@character_set_client */;
 SET character_set_client = utf8mb4 ;
CREATE TABLE `libros` (
  `libro_id` int(10) unsigned NOT NULL AUTO_INCREMENT,
  `libro_codigo` varchar(255) COLLATE utf8mb4_unicode_ci DEFAULT NULL,
  `libro_nombre` varchar(255) COLLATE utf8mb4_unicode_ci DEFAULT NULL,
  `libro_descripcion` varchar(5000) COLLATE utf8mb4_unicode_ci DEFAULT NULL,
  `creado_por_usuario_id` int(11) DEFAULT NULL,
  `modificado_por_usuario_id` int(11) DEFAULT NULL,
  `eliminado_por_usuario_id` int(11) DEFAULT NULL,
  `created_at` timestamp NULL DEFAULT NULL,
  `updated_at` timestamp NULL DEFAULT NULL,
  PRIMARY KEY (`libro_id`)
) ENGINE=InnoDB AUTO_INCREMENT=6 DEFAULT CHARSET=utf8mb4 COLLATE=utf8mb4_unicode_ci;
/*!40101 SET character_set_client = @saved_cs_client */;

--
-- Dumping data for table `libros`
--

LOCK TABLES `libros` WRITE;
/*!40000 ALTER TABLE `libros` DISABLE KEYS */;
INSERT INTO `libros` VALUES (1,'Código sin ingresar','Libro de Compras y Otros Gastos','Sin descripción',NULL,NULL,NULL,NULL,NULL),(2,'Código sin ingresar','Libro de Compras','Sin descripción',NULL,NULL,NULL,NULL,NULL),(3,'Código sin ingresar','Libro de Honorarios','Sin descripción',NULL,NULL,NULL,NULL,NULL),(4,'Código sin ingresar','Libro de Remuneraciones','Sin descripción',NULL,NULL,NULL,NULL,NULL),(5,'Código sin ingresar','Libro de Otros Ingresos','Sin descripción',NULL,NULL,NULL,NULL,NULL);
/*!40000 ALTER TABLE `libros` ENABLE KEYS */;
UNLOCK TABLES;

--
-- Table structure for table `logs`
--

DROP TABLE IF EXISTS `logs`;
/*!40101 SET @saved_cs_client     = @@character_set_client */;
 SET character_set_client = utf8mb4 ;
CREATE TABLE `logs` (
  `id` int(10) unsigned NOT NULL AUTO_INCREMENT,
  `created_at` timestamp NULL DEFAULT NULL,
  `updated_at` timestamp NULL DEFAULT NULL,
  PRIMARY KEY (`id`)
) ENGINE=InnoDB DEFAULT CHARSET=utf8mb4 COLLATE=utf8mb4_unicode_ci;
/*!40101 SET character_set_client = @saved_cs_client */;

--
-- Dumping data for table `logs`
--

LOCK TABLES `logs` WRITE;
/*!40000 ALTER TABLE `logs` DISABLE KEYS */;
/*!40000 ALTER TABLE `logs` ENABLE KEYS */;
UNLOCK TABLES;

--
-- Table structure for table `migrations`
--

DROP TABLE IF EXISTS `migrations`;
/*!40101 SET @saved_cs_client     = @@character_set_client */;
 SET character_set_client = utf8mb4 ;
CREATE TABLE `migrations` (
  `id` int(10) unsigned NOT NULL AUTO_INCREMENT,
  `migration` varchar(255) COLLATE utf8mb4_unicode_ci NOT NULL,
  `batch` int(11) NOT NULL,
  PRIMARY KEY (`id`)
) ENGINE=InnoDB AUTO_INCREMENT=152 DEFAULT CHARSET=utf8mb4 COLLATE=utf8mb4_unicode_ci;
/*!40101 SET character_set_client = @saved_cs_client */;

--
-- Dumping data for table `migrations`
--

LOCK TABLES `migrations` WRITE;
/*!40000 ALTER TABLE `migrations` DISABLE KEYS */;
INSERT INTO `migrations` VALUES (3,'2019_02_18_233934_create_books_table',1),(4,'2019_02_18_233943_create_logs_table',1),(130,'2014_10_12_000000_create_users_table',2),(131,'2014_10_12_100000_create_password_resets_table',2),(132,'2019_02_23_221906_create_contratos_table',2),(133,'2019_02_23_221914_create_cargos_table',2),(134,'2019_02_23_221921_create_tipo_documentos_table',2),(135,'2019_02_23_221953_create_subvenciones_table',2),(136,'2019_02_23_222139_create_ficha_trabajadores_table',2),(137,'2019_02_23_222149_create_tipo_contratos_table',2),(138,'2019_02_23_222158_create_establecimientos_table',2),(139,'2019_02_23_222209_create_ingresos_table',2),(140,'2019_02_23_222215_create_cuentas_table',2),(141,'2019_02_23_222224_create_libro_cuentas_table',2),(142,'2019_02_23_222231_create_libros_table',2),(143,'2019_02_23_225810_create_usuarios_table',2),(144,'2019_02_23_231049_create_roles_table',2),(145,'2019_02_23_232524_create_permisos_table',2),(146,'2019_02_24_023007_create_regiones_table',2),(147,'2019_02_24_023013_create_comunas_table',2),(148,'2019_02_24_023021_create_continentes_table',2),(149,'2019_02_24_023028_create_pais_table',2),(150,'2019_02_24_203646_create_libro_tipo_documentos_table',2),(151,'2019_02_25_182440_create_cuenta_dependencias_table',2);
/*!40000 ALTER TABLE `migrations` ENABLE KEYS */;
UNLOCK TABLES;

--
-- Table structure for table `paises`
--

DROP TABLE IF EXISTS `paises`;
/*!40101 SET @saved_cs_client     = @@character_set_client */;
 SET character_set_client = utf8mb4 ;
CREATE TABLE `paises` (
  `pais_id` int(11) NOT NULL,
  `pais_nombre` varchar(255) COLLATE utf8mb4_unicode_ci DEFAULT NULL,
  `continente_id` int(11) DEFAULT NULL,
  `created_at` timestamp NULL DEFAULT NULL,
  `updated_at` timestamp NULL DEFAULT NULL
) ENGINE=InnoDB DEFAULT CHARSET=utf8mb4 COLLATE=utf8mb4_unicode_ci;
/*!40101 SET character_set_client = @saved_cs_client */;

--
-- Dumping data for table `paises`
--

LOCK TABLES `paises` WRITE;
/*!40000 ALTER TABLE `paises` DISABLE KEYS */;
INSERT INTO `paises` VALUES (1,'Afganistán',NULL,NULL,NULL),(2,'Albania',NULL,NULL,NULL),(3,'Antártida',NULL,NULL,NULL),(4,'Argel',NULL,NULL,NULL),(5,'Samoa Americana',NULL,NULL,NULL),(6,'Andorra',NULL,NULL,NULL),(7,'Angola',NULL,NULL,NULL),(8,'Antigua Y Barbuda',NULL,NULL,NULL),(9,'Azerbaiyán',NULL,NULL,NULL),(10,'Argentina',NULL,NULL,NULL),(11,'Australia',NULL,NULL,NULL),(12,'Austria',NULL,NULL,NULL),(13,'Bahamas',NULL,NULL,NULL),(14,'Bahréin',NULL,NULL,NULL),(15,'Bangladesh',NULL,NULL,NULL),(16,'Armenia',NULL,NULL,NULL),(17,'Barbados',NULL,NULL,NULL),(18,'Bélgica',NULL,NULL,NULL),(19,'Bermudas',NULL,NULL,NULL),(20,'Bhután',NULL,NULL,NULL),(21,'Bolivia',NULL,NULL,NULL),(22,'Bosnia Y Herzegovina',NULL,NULL,NULL),(23,'Botsuana',NULL,NULL,NULL),(24,'Isla Bouvet',NULL,NULL,NULL),(25,'Brasil',NULL,NULL,NULL),(26,'Belice',NULL,NULL,NULL),(27,'Territorio Británico Del Océano Índico',NULL,NULL,NULL),(28,'Islas Solomón',NULL,NULL,NULL),(29,'Islas Vírgenes Británicas',NULL,NULL,NULL),(30,'Brunéi',NULL,NULL,NULL),(31,'Bulgaria',NULL,NULL,NULL),(32,'Myanmar',NULL,NULL,NULL),(33,'Burundi',NULL,NULL,NULL),(34,'Belarús',NULL,NULL,NULL),(35,'Camboya',NULL,NULL,NULL),(36,'Camerún',NULL,NULL,NULL),(37,'Canadá',NULL,NULL,NULL),(38,'Cabo Verde',NULL,NULL,NULL),(39,'Islas Caimán',NULL,NULL,NULL),(40,'República Centro-Africana',NULL,NULL,NULL),(41,'Sri Lanka',NULL,NULL,NULL),(42,'Chad',NULL,NULL,NULL),(43,'Chile',NULL,NULL,NULL),(44,'China',NULL,NULL,NULL),(45,'Taiwán',NULL,NULL,NULL),(46,'Islas Christmas',NULL,NULL,NULL),(47,'Islas Cocos',NULL,NULL,NULL),(48,'Colombia',NULL,NULL,NULL),(49,'Comoros',NULL,NULL,NULL),(50,'Mayotte',NULL,NULL,NULL),(51,'Congo',NULL,NULL,NULL),(52,'Islas Cook',NULL,NULL,NULL),(53,'Costa Rica',NULL,NULL,NULL),(54,'Croacia',NULL,NULL,NULL),(55,'Cuba',NULL,NULL,NULL),(56,'Chipre',NULL,NULL,NULL),(57,'República Checa',NULL,NULL,NULL),(58,'Benin',NULL,NULL,NULL),(59,'Dinamarca',NULL,NULL,NULL),(60,'Domínica',NULL,NULL,NULL),(61,'República Dominicana',NULL,NULL,NULL),(62,'Ecuador',NULL,NULL,NULL),(63,'El Salvador',NULL,NULL,NULL),(64,'Guinea Ecuatorial',NULL,NULL,NULL),(65,'Etiopía',NULL,NULL,NULL),(66,'Eritrea',NULL,NULL,NULL),(67,'Estonia',NULL,NULL,NULL),(68,'Islas Faroe',NULL,NULL,NULL),(69,'Islas Malvinas',NULL,NULL,NULL),(70,'Georgia Del Sur E Islas Sandwich Del Sur',NULL,NULL,NULL),(71,'Fiji',NULL,NULL,NULL),(72,'Finlandia',NULL,NULL,NULL),(73,'Islas Áland',NULL,NULL,NULL),(74,'Francia',NULL,NULL,NULL),(75,'Guayana Francesa',NULL,NULL,NULL),(76,'Polinesia Francesa',NULL,NULL,NULL),(77,'Territorios Australes Franceses',NULL,NULL,NULL),(78,'Yibuti',NULL,NULL,NULL),(79,'Gabón',NULL,NULL,NULL),(80,'Georgia',NULL,NULL,NULL),(81,'Gambia',NULL,NULL,NULL),(82,'Palestina',NULL,NULL,NULL),(83,'Alemania',NULL,NULL,NULL),(84,'Ghana',NULL,NULL,NULL),(85,'Gibraltar',NULL,NULL,NULL),(86,'Kiribati',NULL,NULL,NULL),(87,'Grecia',NULL,NULL,NULL),(88,'Groenlandia',NULL,NULL,NULL),(89,'Granada',NULL,NULL,NULL),(90,'Guadalupe',NULL,NULL,NULL),(91,'Guam',NULL,NULL,NULL),(92,'Guatemala',NULL,NULL,NULL),(93,'Guinea',NULL,NULL,NULL),(94,'Guayana',NULL,NULL,NULL),(95,'Haití',NULL,NULL,NULL),(96,'Islas Heard Y Mcdonald',NULL,NULL,NULL),(97,'Ciudad Del Vaticano',NULL,NULL,NULL),(98,'Honduras',NULL,NULL,NULL),(99,'Hong Kong',NULL,NULL,NULL),(100,'Hungría',NULL,NULL,NULL),(101,'Islandia',NULL,NULL,NULL),(102,'India',NULL,NULL,NULL),(103,'Indonesia',NULL,NULL,NULL),(104,'Irán',NULL,NULL,NULL),(105,'Irak',NULL,NULL,NULL),(106,'Irlanda',NULL,NULL,NULL),(107,'Israel',NULL,NULL,NULL),(108,'Italia',NULL,NULL,NULL),(109,'Costa De Marfil',NULL,NULL,NULL),(110,'Jamaica',NULL,NULL,NULL),(111,'Japón',NULL,NULL,NULL),(112,'Kazajstán',NULL,NULL,NULL),(113,'Jordania',NULL,NULL,NULL),(114,'Kenia',NULL,NULL,NULL),(115,'Corea Del Norte',NULL,NULL,NULL),(116,'Corea Del Sur',NULL,NULL,NULL),(117,'Kuwait',NULL,NULL,NULL),(118,'Kirguistán',NULL,NULL,NULL),(119,'Laos',NULL,NULL,NULL),(120,'Líbano',NULL,NULL,NULL),(121,'Lesotho',NULL,NULL,NULL),(122,'Letonia',NULL,NULL,NULL),(123,'Liberia',NULL,NULL,NULL),(124,'Libia',NULL,NULL,NULL),(125,'Liechtenstein',NULL,NULL,NULL),(126,'Lituania',NULL,NULL,NULL),(127,'Luxemburgo',NULL,NULL,NULL),(128,'Macao',NULL,NULL,NULL),(129,'Madagascar',NULL,NULL,NULL),(130,'Malawi',NULL,NULL,NULL),(131,'Malasia',NULL,NULL,NULL),(132,'Maldivas',NULL,NULL,NULL),(133,'Mali',NULL,NULL,NULL),(134,'Malta',NULL,NULL,NULL),(135,'Martinica',NULL,NULL,NULL),(136,'Mauritania',NULL,NULL,NULL),(137,'Mauricio',NULL,NULL,NULL),(138,'México',NULL,NULL,NULL),(139,'Mónaco',NULL,NULL,NULL),(140,'Mongolia',NULL,NULL,NULL),(141,'Moldova',NULL,NULL,NULL),(142,'Montenegro',NULL,NULL,NULL),(143,'Montserrat',NULL,NULL,NULL),(144,'Marruecos',NULL,NULL,NULL),(145,'Mozambique',NULL,NULL,NULL),(146,'Omán',NULL,NULL,NULL),(147,'Namibia',NULL,NULL,NULL),(148,'Nauru',NULL,NULL,NULL),(149,'Nepal',NULL,NULL,NULL),(150,'Países Bajos',NULL,NULL,NULL),(151,'Antillas Neerlandesas',NULL,NULL,NULL),(152,'Aruba',NULL,NULL,NULL),(153,'Nueva Caledonia',NULL,NULL,NULL),(154,'Vanuatu',NULL,NULL,NULL),(155,'Nueva Zelanda',NULL,NULL,NULL),(156,'Nicaragua',NULL,NULL,NULL),(157,'Níger',NULL,NULL,NULL),(158,'Nigeria',NULL,NULL,NULL),(159,'Niue',NULL,NULL,NULL),(160,'Islas Norkfolk',NULL,NULL,NULL),(161,'Noruega',NULL,NULL,NULL),(162,'Micronesia',NULL,NULL,NULL),(163,'Islas Marshall',NULL,NULL,NULL),(164,'Islas Palaos',NULL,NULL,NULL),(165,'Pakistán',NULL,NULL,NULL),(166,'Panamá',NULL,NULL,NULL),(167,'Papúa Nueva Guinea',NULL,NULL,NULL),(168,'Paraguay',NULL,NULL,NULL),(169,'Perú',NULL,NULL,NULL),(170,'Filipinas',NULL,NULL,NULL),(171,'Islas Pitcairn',NULL,NULL,NULL),(172,'Polonia',NULL,NULL,NULL),(173,'Portugal',NULL,NULL,NULL),(174,'Guinea-Bissau',NULL,NULL,NULL),(175,'Timor-Leste',NULL,NULL,NULL),(176,'Puerto Rico',NULL,NULL,NULL),(177,'Qatar',NULL,NULL,NULL),(178,'Reunión',NULL,NULL,NULL),(179,'Rumanía',NULL,NULL,NULL),(180,'Rusia',NULL,NULL,NULL),(181,'Ruanda',NULL,NULL,NULL),(182,'San Bartolomé',NULL,NULL,NULL),(183,'Santa Elena',NULL,NULL,NULL),(184,'San Cristóbal Y Nieves',NULL,NULL,NULL),(185,'Anguila',NULL,NULL,NULL),(186,'Santa Lucía',NULL,NULL,NULL),(187,'San Pedro Y Miquelón',NULL,NULL,NULL),(188,'San Vicente Y Las Granadinas',NULL,NULL,NULL),(189,'San Marino',NULL,NULL,NULL),(190,'Santo Tomé Y Príncipe',NULL,NULL,NULL),(191,'Arabia Saudita',NULL,NULL,NULL),(192,'Senegal',NULL,NULL,NULL),(193,'Serbia Y Montenegro',NULL,NULL,NULL),(194,'Seychelles',NULL,NULL,NULL),(195,'Sierra Leona',NULL,NULL,NULL),(196,'Singapur',NULL,NULL,NULL),(197,'Eslovaquia',NULL,NULL,NULL),(198,'Vietnam',NULL,NULL,NULL),(199,'Eslovenia',NULL,NULL,NULL),(200,'Somalia',NULL,NULL,NULL),(201,'Sudáfrica',NULL,NULL,NULL),(202,'España',NULL,NULL,NULL),(203,'Sahara Occidental',NULL,NULL,NULL),(204,'Sudán',NULL,NULL,NULL),(205,'Surinam',NULL,NULL,NULL),(206,'Islas Svalbard Y Jan Mayen',NULL,NULL,NULL),(207,'Suazilandia',NULL,NULL,NULL),(208,'Suecia',NULL,NULL,NULL),(209,'Suiza',NULL,NULL,NULL),(210,'Siria',NULL,NULL,NULL),(211,'Tayikistán',NULL,NULL,NULL),(212,'Tailandia',NULL,NULL,NULL),(213,'Togo',NULL,NULL,NULL),(214,'Tokelau',NULL,NULL,NULL),(215,'Tonga',NULL,NULL,NULL),(216,'Trinidad Y Tobago',NULL,NULL,NULL),(217,'Emiratos Árabes Unidos',NULL,NULL,NULL),(218,'Túnez',NULL,NULL,NULL),(219,'Turquía',NULL,NULL,NULL),(220,'Turkmenistán',NULL,NULL,NULL),(221,'Islas Turcas Y Caicos',NULL,NULL,NULL),(222,'Tuvalu',NULL,NULL,NULL),(223,'Uganda',NULL,NULL,NULL),(224,'Ucrania',NULL,NULL,NULL),(225,'Macedonia',NULL,NULL,NULL),(226,'Egipto',NULL,NULL,NULL),(227,'Reino Unido',NULL,NULL,NULL),(228,'Guernsey',NULL,NULL,NULL),(229,'Jersey',NULL,NULL,NULL),(230,'Isla De Man',NULL,NULL,NULL),(231,'Tanzania',NULL,NULL,NULL),(232,'Estados Unidos De América',NULL,NULL,NULL),(233,'Islas Vírgenes De Los Estados Unidos De América',NULL,NULL,NULL),(234,'Burkina Faso',NULL,NULL,NULL),(235,'Uruguay',NULL,NULL,NULL),(236,'Uzbekistán',NULL,NULL,NULL),(237,'Venezuela',NULL,NULL,NULL),(238,'Wallis Y Futuna',NULL,NULL,NULL),(239,'Samoa',NULL,NULL,NULL),(240,'Yemen',NULL,NULL,NULL);
/*!40000 ALTER TABLE `paises` ENABLE KEYS */;
UNLOCK TABLES;

--
-- Table structure for table `password_resets`
--

DROP TABLE IF EXISTS `password_resets`;
/*!40101 SET @saved_cs_client     = @@character_set_client */;
 SET character_set_client = utf8mb4 ;
CREATE TABLE `password_resets` (
  `email` varchar(255) COLLATE utf8mb4_unicode_ci NOT NULL,
  `token` varchar(255) COLLATE utf8mb4_unicode_ci NOT NULL,
  `created_at` timestamp NULL DEFAULT NULL,
  KEY `password_resets_email_index` (`email`)
) ENGINE=InnoDB DEFAULT CHARSET=utf8mb4 COLLATE=utf8mb4_unicode_ci;
/*!40101 SET character_set_client = @saved_cs_client */;

--
-- Dumping data for table `password_resets`
--

LOCK TABLES `password_resets` WRITE;
/*!40000 ALTER TABLE `password_resets` DISABLE KEYS */;
/*!40000 ALTER TABLE `password_resets` ENABLE KEYS */;
UNLOCK TABLES;

--
-- Table structure for table `permisos`
--

DROP TABLE IF EXISTS `permisos`;
/*!40101 SET @saved_cs_client     = @@character_set_client */;
 SET character_set_client = utf8mb4 ;
CREATE TABLE `permisos` (
  `permiso_id` int(10) unsigned NOT NULL AUTO_INCREMENT,
  `permiso_nombre` varchar(255) COLLATE utf8mb4_unicode_ci DEFAULT NULL,
  `permiso_descripcion` varchar(5000) COLLATE utf8mb4_unicode_ci DEFAULT NULL,
  `permiso_nivel` int(11) DEFAULT NULL,
  `permiso_orden` int(11) DEFAULT NULL,
  `creado_por_usuario_id` int(11) DEFAULT NULL,
  `modificado_por_usuario_id` int(11) DEFAULT NULL,
  `eliminado_por_usuario_id` int(11) DEFAULT NULL,
  `created_at` timestamp NULL DEFAULT NULL,
  `updated_at` timestamp NULL DEFAULT NULL,
  PRIMARY KEY (`permiso_id`)
) ENGINE=InnoDB DEFAULT CHARSET=utf8mb4 COLLATE=utf8mb4_unicode_ci;
/*!40101 SET character_set_client = @saved_cs_client */;

--
-- Dumping data for table `permisos`
--

LOCK TABLES `permisos` WRITE;
/*!40000 ALTER TABLE `permisos` DISABLE KEYS */;
/*!40000 ALTER TABLE `permisos` ENABLE KEYS */;
UNLOCK TABLES;

--
-- Table structure for table `regiones`
--

DROP TABLE IF EXISTS `regiones`;
/*!40101 SET @saved_cs_client     = @@character_set_client */;
 SET character_set_client = utf8mb4 ;
CREATE TABLE `regiones` (
  `region_id` int(11) NOT NULL,
  `region_nombre` varchar(255) COLLATE utf8mb4_unicode_ci DEFAULT NULL,
  `region_alias` varchar(255) COLLATE utf8mb4_unicode_ci DEFAULT NULL,
  `region_orden` int(11) DEFAULT NULL,
  `pais_id` int(11) DEFAULT NULL,
  `created_at` timestamp NULL DEFAULT NULL,
  `updated_at` timestamp NULL DEFAULT NULL
) ENGINE=InnoDB DEFAULT CHARSET=utf8mb4 COLLATE=utf8mb4_unicode_ci;
/*!40101 SET character_set_client = @saved_cs_client */;

--
-- Dumping data for table `regiones`
--

LOCK TABLES `regiones` WRITE;
/*!40000 ALTER TABLE `regiones` DISABLE KEYS */;
INSERT INTO `regiones` VALUES (1,'De Tarapacá','I',2,43,NULL,NULL),(2,'De Antofagasta','II',3,43,NULL,NULL),(3,'De Atacama','III',4,43,NULL,NULL),(4,'De Coquimbo','IV',5,43,NULL,NULL),(5,'De Valparaíso','V',6,43,NULL,NULL),(6,'Del Libertador B. O´Higgins','VI',8,43,NULL,NULL),(7,'Del Maule','VII',9,43,NULL,NULL),(8,'Del Biobío','VIII',10,43,NULL,NULL),(9,'De La Araucanía','IX',11,43,NULL,NULL),(10,'De Los Lagos','X',13,43,NULL,NULL),(11,'De Aisén del Gral.C.Ibañez del Campo','XI',14,43,NULL,NULL),(12,'De Magallanes  y de La Antártica chilena','XII',15,43,NULL,NULL),(13,'Metropolitana De Santiago','RM',7,43,NULL,NULL),(14,'De Los Rios','XIV',12,43,NULL,NULL),(15,'De Arica y Parinacota','XV',1,43,NULL,NULL);
/*!40000 ALTER TABLE `regiones` ENABLE KEYS */;
UNLOCK TABLES;

--
-- Table structure for table `roles`
--

DROP TABLE IF EXISTS `roles`;
/*!40101 SET @saved_cs_client     = @@character_set_client */;
 SET character_set_client = utf8mb4 ;
CREATE TABLE `roles` (
  `role_id` int(10) unsigned NOT NULL AUTO_INCREMENT,
  `role_nombre` varchar(255) COLLATE utf8mb4_unicode_ci DEFAULT NULL,
  `role_descripcion` varchar(5000) COLLATE utf8mb4_unicode_ci DEFAULT NULL,
  `role_orden` int(11) DEFAULT NULL,
  `permiso_id` int(11) DEFAULT NULL,
  `creado_por_usuario_id` int(11) DEFAULT NULL,
  `modificado_por_usuario_id` int(11) DEFAULT NULL,
  `eliminado_por_usuario_id` int(11) DEFAULT NULL,
  `created_at` timestamp NULL DEFAULT NULL,
  `updated_at` timestamp NULL DEFAULT NULL,
  PRIMARY KEY (`role_id`)
) ENGINE=InnoDB DEFAULT CHARSET=utf8mb4 COLLATE=utf8mb4_unicode_ci;
/*!40101 SET character_set_client = @saved_cs_client */;

--
-- Dumping data for table `roles`
--

LOCK TABLES `roles` WRITE;
/*!40000 ALTER TABLE `roles` DISABLE KEYS */;
/*!40000 ALTER TABLE `roles` ENABLE KEYS */;
UNLOCK TABLES;

--
-- Table structure for table `subvenciones`
--

DROP TABLE IF EXISTS `subvenciones`;
/*!40101 SET @saved_cs_client     = @@character_set_client */;
 SET character_set_client = utf8mb4 ;
CREATE TABLE `subvenciones` (
  `subvencion_id` int(10) unsigned NOT NULL AUTO_INCREMENT,
  `subvencion_codigo` varchar(255) COLLATE utf8mb4_unicode_ci DEFAULT NULL,
  `subvencion_nombre` varchar(255) COLLATE utf8mb4_unicode_ci DEFAULT NULL,
  `subvencion_descripcion` varchar(5000) COLLATE utf8mb4_unicode_ci DEFAULT NULL,
  `creado_por_usuario_id` int(11) DEFAULT NULL,
  `modificado_por_usuario_id` int(11) DEFAULT NULL,
  `eliminado_por_usuario_id` int(11) DEFAULT NULL,
  `created_at` timestamp NULL DEFAULT NULL,
  `updated_at` timestamp NULL DEFAULT NULL,
  PRIMARY KEY (`subvencion_id`)
) ENGINE=InnoDB AUTO_INCREMENT=8 DEFAULT CHARSET=utf8mb4 COLLATE=utf8mb4_unicode_ci;
/*!40101 SET character_set_client = @saved_cs_client */;

--
-- Dumping data for table `subvenciones`
--

LOCK TABLES `subvenciones` WRITE;
/*!40000 ALTER TABLE `subvenciones` DISABLE KEYS */;
INSERT INTO `subvenciones` VALUES (1,'Código sin ingresar','Fondo de Apoyo a la Educación Pública (FAEP), en sus convenios 2016, 2017 y 2018, en lo relativo a la ejecución de gastos 2018.','Sin descripción',NULL,NULL,NULL,NULL,NULL),(2,'Código sin ingresar','Subvención General.','Sin descripción',NULL,NULL,NULL,NULL,NULL),(3,'Código sin ingresar','Subvención Escolar Preferencial (SEP).','Sin descripción',NULL,NULL,NULL,NULL,NULL),(4,'Código sin ingresar','Incremento de Subvención por Proyectos de Integración Escolar (PIE).','Sin descripción',NULL,NULL,NULL,NULL,NULL),(5,'Código sin ingresar','Subvención Pro retención.','Sin descripción',NULL,NULL,NULL,NULL,NULL),(6,'Código sin ingresar','Subvención de Internado.','Sin descripción',NULL,NULL,NULL,NULL,NULL),(7,'Código sin ingresar','Subvención de Refuerzo Educativo','Sin descripción',NULL,NULL,NULL,NULL,NULL);
/*!40000 ALTER TABLE `subvenciones` ENABLE KEYS */;
UNLOCK TABLES;

--
-- Table structure for table `tipo_contratos`
--

DROP TABLE IF EXISTS `tipo_contratos`;
/*!40101 SET @saved_cs_client     = @@character_set_client */;
 SET character_set_client = utf8mb4 ;
CREATE TABLE `tipo_contratos` (
  `tipo_contrato_id` int(10) unsigned NOT NULL AUTO_INCREMENT,
  `tipo_contrato_codigo` varchar(255) COLLATE utf8mb4_unicode_ci DEFAULT NULL,
  `tipo_contrato_nombre` varchar(255) COLLATE utf8mb4_unicode_ci DEFAULT NULL,
  `tipo_contrato_descripcion` varchar(5000) COLLATE utf8mb4_unicode_ci DEFAULT NULL,
  `creado_por_usuario_id` int(11) DEFAULT NULL,
  `modificado_por_usuario_id` int(11) DEFAULT NULL,
  `eliminado_por_usuario_id` int(11) DEFAULT NULL,
  `created_at` timestamp NULL DEFAULT NULL,
  `updated_at` timestamp NULL DEFAULT NULL,
  PRIMARY KEY (`tipo_contrato_id`)
) ENGINE=InnoDB DEFAULT CHARSET=utf8mb4 COLLATE=utf8mb4_unicode_ci;
/*!40101 SET character_set_client = @saved_cs_client */;

--
-- Dumping data for table `tipo_contratos`
--

LOCK TABLES `tipo_contratos` WRITE;
/*!40000 ALTER TABLE `tipo_contratos` DISABLE KEYS */;
/*!40000 ALTER TABLE `tipo_contratos` ENABLE KEYS */;
UNLOCK TABLES;

--
-- Table structure for table `tipo_documentos`
--

DROP TABLE IF EXISTS `tipo_documentos`;
/*!40101 SET @saved_cs_client     = @@character_set_client */;
 SET character_set_client = utf8mb4 ;
CREATE TABLE `tipo_documentos` (
  `tipo_documento_id` int(10) unsigned NOT NULL AUTO_INCREMENT,
  `tipo_documento_codigo` varchar(255) COLLATE utf8mb4_unicode_ci DEFAULT NULL,
  `tipo_documento_nombre` varchar(255) COLLATE utf8mb4_unicode_ci DEFAULT NULL,
  `tipo_documento_descripcion` varchar(5000) COLLATE utf8mb4_unicode_ci DEFAULT NULL,
  `creado_por_usuario_id` int(11) DEFAULT NULL,
  `modificado_por_usuario_id` int(11) DEFAULT NULL,
  `eliminado_por_usuario_id` int(11) DEFAULT NULL,
  `created_at` timestamp NULL DEFAULT NULL,
  `updated_at` timestamp NULL DEFAULT NULL,
  PRIMARY KEY (`tipo_documento_id`)
) ENGINE=InnoDB DEFAULT CHARSET=utf8mb4 COLLATE=utf8mb4_unicode_ci;
/*!40101 SET character_set_client = @saved_cs_client */;

--
-- Dumping data for table `tipo_documentos`
--

LOCK TABLES `tipo_documentos` WRITE;
/*!40000 ALTER TABLE `tipo_documentos` DISABLE KEYS */;
/*!40000 ALTER TABLE `tipo_documentos` ENABLE KEYS */;
UNLOCK TABLES;

--
-- Table structure for table `users`
--

DROP TABLE IF EXISTS `users`;
/*!40101 SET @saved_cs_client     = @@character_set_client */;
 SET character_set_client = utf8mb4 ;
CREATE TABLE `users` (
  `id` int(10) unsigned NOT NULL AUTO_INCREMENT,
  `name` varchar(255) COLLATE utf8mb4_unicode_ci NOT NULL,
  `email` varchar(255) COLLATE utf8mb4_unicode_ci NOT NULL,
  `email_verified_at` timestamp NULL DEFAULT NULL,
  `password` varchar(255) COLLATE utf8mb4_unicode_ci NOT NULL,
  `remember_token` varchar(100) COLLATE utf8mb4_unicode_ci DEFAULT NULL,
  `created_at` timestamp NULL DEFAULT NULL,
  `updated_at` timestamp NULL DEFAULT NULL,
  PRIMARY KEY (`id`),
  UNIQUE KEY `users_email_unique` (`email`)
) ENGINE=InnoDB DEFAULT CHARSET=utf8mb4 COLLATE=utf8mb4_unicode_ci;
/*!40101 SET character_set_client = @saved_cs_client */;

--
-- Dumping data for table `users`
--

LOCK TABLES `users` WRITE;
/*!40000 ALTER TABLE `users` DISABLE KEYS */;
/*!40000 ALTER TABLE `users` ENABLE KEYS */;
UNLOCK TABLES;

--
-- Table structure for table `usuarios`
--

DROP TABLE IF EXISTS `usuarios`;
/*!40101 SET @saved_cs_client     = @@character_set_client */;
 SET character_set_client = utf8mb4 ;
CREATE TABLE `usuarios` (
  `usuario_id` int(10) unsigned NOT NULL AUTO_INCREMENT,
  `usuario_nombre` varchar(255) COLLATE utf8mb4_unicode_ci NOT NULL,
  `usuario_email` varchar(255) COLLATE utf8mb4_unicode_ci NOT NULL,
  `password` varchar(255) COLLATE utf8mb4_unicode_ci NOT NULL,
  `role_id` int(11) DEFAULT NULL,
  `estado_id` int(11) DEFAULT NULL,
  `tipo_usuario_id` int(11) DEFAULT NULL,
  `creado_por_usuario_id` int(11) DEFAULT NULL,
  `modificado_por_usuario_id` int(11) DEFAULT NULL,
  `eliminado_por_usuario_id` int(11) DEFAULT NULL,
  `email_verified_at` timestamp NULL DEFAULT NULL,
  `remember_token` varchar(100) COLLATE utf8mb4_unicode_ci DEFAULT NULL,
  `created_at` timestamp NULL DEFAULT NULL,
  `updated_at` timestamp NULL DEFAULT NULL,
  PRIMARY KEY (`usuario_id`),
  UNIQUE KEY `usuarios_usuario_email_unique` (`usuario_email`)
) ENGINE=InnoDB DEFAULT CHARSET=utf8mb4 COLLATE=utf8mb4_unicode_ci;
/*!40101 SET character_set_client = @saved_cs_client */;

--
-- Dumping data for table `usuarios`
--

LOCK TABLES `usuarios` WRITE;
/*!40000 ALTER TABLE `usuarios` DISABLE KEYS */;
/*!40000 ALTER TABLE `usuarios` ENABLE KEYS */;
UNLOCK TABLES;
/*!40103 SET TIME_ZONE=@OLD_TIME_ZONE */;

/*!40101 SET SQL_MODE=@OLD_SQL_MODE */;
/*!40014 SET FOREIGN_KEY_CHECKS=@OLD_FOREIGN_KEY_CHECKS */;
/*!40014 SET UNIQUE_CHECKS=@OLD_UNIQUE_CHECKS */;
/*!40101 SET CHARACTER_SET_CLIENT=@OLD_CHARACTER_SET_CLIENT */;
/*!40101 SET CHARACTER_SET_RESULTS=@OLD_CHARACTER_SET_RESULTS */;
/*!40101 SET COLLATION_CONNECTION=@OLD_COLLATION_CONNECTION */;
/*!40111 SET SQL_NOTES=@OLD_SQL_NOTES */;

-- Dump completed on 2019-02-25 18:00:03
