-- CONTINENTES

insert into continentes (continente_id,continente_nombre) values (1,'África');
insert into continentes (continente_id,continente_nombre) values (2,'Asia');
insert into continentes (continente_id,continente_nombre) values (3,'Europa');
insert into continentes (continente_id,continente_nombre) values (4,'Oceanía');
insert into continentes (continente_id,continente_nombre) values (5,'Norteamérica');
insert into continentes (continente_id,continente_nombre) values (6,'Centroamérica');
insert into continentes (continente_id,continente_nombre) values (7,'Sudamérica');


-- PAISES

insert into paises (pais_id,pais_nombre) values (1,'Afganistán');
insert into paises (pais_id,pais_nombre) values (2,'Albania');
insert into paises (pais_id,pais_nombre) values (3,'Antártida');
insert into paises (pais_id,pais_nombre) values (4,'Argel');
insert into paises (pais_id,pais_nombre) values (5,'Samoa Americana');
insert into paises (pais_id,pais_nombre) values (6,'Andorra');
insert into paises (pais_id,pais_nombre) values (7,'Angola');
insert into paises (pais_id,pais_nombre) values (8,'Antigua Y Barbuda');
insert into paises (pais_id,pais_nombre) values (9,'Azerbaiyán');
insert into paises (pais_id,pais_nombre) values (10,'Argentina');
insert into paises (pais_id,pais_nombre) values (11,'Australia');
insert into paises (pais_id,pais_nombre) values (12,'Austria');
insert into paises (pais_id,pais_nombre) values (13,'Bahamas');
insert into paises (pais_id,pais_nombre) values (14,'Bahréin');
insert into paises (pais_id,pais_nombre) values (15,'Bangladesh');
insert into paises (pais_id,pais_nombre) values (16,'Armenia');
insert into paises (pais_id,pais_nombre) values (17,'Barbados');
insert into paises (pais_id,pais_nombre) values (18,'Bélgica');
insert into paises (pais_id,pais_nombre) values (19,'Bermudas');
insert into paises (pais_id,pais_nombre) values (20,'Bhután');
insert into paises (pais_id,pais_nombre) values (21,'Bolivia');
insert into paises (pais_id,pais_nombre) values (22,'Bosnia Y Herzegovina');
insert into paises (pais_id,pais_nombre) values (23,'Botsuana');
insert into paises (pais_id,pais_nombre) values (24,'Isla Bouvet');
insert into paises (pais_id,pais_nombre) values (25,'Brasil');
insert into paises (pais_id,pais_nombre) values (26,'Belice');
insert into paises (pais_id,pais_nombre) values (27,'Territorio Británico Del Océano Índico');
insert into paises (pais_id,pais_nombre) values (28,'Islas Solomón');
insert into paises (pais_id,pais_nombre) values (29,'Islas Vírgenes Británicas');
insert into paises (pais_id,pais_nombre) values (30,'Brunéi');
insert into paises (pais_id,pais_nombre) values (31,'Bulgaria');
insert into paises (pais_id,pais_nombre) values (32,'Myanmar');
insert into paises (pais_id,pais_nombre) values (33,'Burundi');
insert into paises (pais_id,pais_nombre) values (34,'Belarús');
insert into paises (pais_id,pais_nombre) values (35,'Camboya');
insert into paises (pais_id,pais_nombre) values (36,'Camerún');
insert into paises (pais_id,pais_nombre) values (37,'Canadá');
insert into paises (pais_id,pais_nombre) values (38,'Cabo Verde');
insert into paises (pais_id,pais_nombre) values (39,'Islas Caimán');
insert into paises (pais_id,pais_nombre) values (40,'República Centro-Africana');
insert into paises (pais_id,pais_nombre) values (41,'Sri Lanka');
insert into paises (pais_id,pais_nombre) values (42,'Chad');
insert into paises (pais_id,pais_nombre) values (43,'Chile');
insert into paises (pais_id,pais_nombre) values (44,'China');
insert into paises (pais_id,pais_nombre) values (45,'Taiwán');
insert into paises (pais_id,pais_nombre) values (46,'Islas Christmas');
insert into paises (pais_id,pais_nombre) values (47,'Islas Cocos');
insert into paises (pais_id,pais_nombre) values (48,'Colombia');
insert into paises (pais_id,pais_nombre) values (49,'Comoros');
insert into paises (pais_id,pais_nombre) values (50,'Mayotte');
insert into paises (pais_id,pais_nombre) values (51,'Congo');
insert into paises (pais_id,pais_nombre) values (52,'Islas Cook');
insert into paises (pais_id,pais_nombre) values (53,'Costa Rica');
insert into paises (pais_id,pais_nombre) values (54,'Croacia');
insert into paises (pais_id,pais_nombre) values (55,'Cuba');
insert into paises (pais_id,pais_nombre) values (56,'Chipre');
insert into paises (pais_id,pais_nombre) values (57,'República Checa');
insert into paises (pais_id,pais_nombre) values (58,'Benin');
insert into paises (pais_id,pais_nombre) values (59,'Dinamarca');
insert into paises (pais_id,pais_nombre) values (60,'Domínica');
insert into paises (pais_id,pais_nombre) values (61,'República Dominicana');
insert into paises (pais_id,pais_nombre) values (62,'Ecuador');
insert into paises (pais_id,pais_nombre) values (63,'El Salvador');
insert into paises (pais_id,pais_nombre) values (64,'Guinea Ecuatorial');
insert into paises (pais_id,pais_nombre) values (65,'Etiopía');
insert into paises (pais_id,pais_nombre) values (66,'Eritrea');
insert into paises (pais_id,pais_nombre) values (67,'Estonia');
insert into paises (pais_id,pais_nombre) values (68,'Islas Faroe');
insert into paises (pais_id,pais_nombre) values (69,'Islas Malvinas');
insert into paises (pais_id,pais_nombre) values (70,'Georgia Del Sur E Islas Sandwich Del Sur');
insert into paises (pais_id,pais_nombre) values (71,'Fiji');
insert into paises (pais_id,pais_nombre) values (72,'Finlandia');
insert into paises (pais_id,pais_nombre) values (73,'Islas Áland');
insert into paises (pais_id,pais_nombre) values (74,'Francia');
insert into paises (pais_id,pais_nombre) values (75,'Guayana Francesa');
insert into paises (pais_id,pais_nombre) values (76,'Polinesia Francesa');
insert into paises (pais_id,pais_nombre) values (77,'Territorios Australes Franceses');
insert into paises (pais_id,pais_nombre) values (78,'Yibuti');
insert into paises (pais_id,pais_nombre) values (79,'Gabón');
insert into paises (pais_id,pais_nombre) values (80,'Georgia');
insert into paises (pais_id,pais_nombre) values (81,'Gambia');
insert into paises (pais_id,pais_nombre) values (82,'Palestina');
insert into paises (pais_id,pais_nombre) values (83,'Alemania');
insert into paises (pais_id,pais_nombre) values (84,'Ghana');
insert into paises (pais_id,pais_nombre) values (85,'Gibraltar');
insert into paises (pais_id,pais_nombre) values (86,'Kiribati');
insert into paises (pais_id,pais_nombre) values (87,'Grecia');
insert into paises (pais_id,pais_nombre) values (88,'Groenlandia');
insert into paises (pais_id,pais_nombre) values (89,'Granada');
insert into paises (pais_id,pais_nombre) values (90,'Guadalupe');
insert into paises (pais_id,pais_nombre) values (91,'Guam');
insert into paises (pais_id,pais_nombre) values (92,'Guatemala');
insert into paises (pais_id,pais_nombre) values (93,'Guinea');
insert into paises (pais_id,pais_nombre) values (94,'Guayana');
insert into paises (pais_id,pais_nombre) values (95,'Haití');
insert into paises (pais_id,pais_nombre) values (96,'Islas Heard Y Mcdonald');
insert into paises (pais_id,pais_nombre) values (97,'Ciudad Del Vaticano');
insert into paises (pais_id,pais_nombre) values (98,'Honduras');
insert into paises (pais_id,pais_nombre) values (99,'Hong Kong');
insert into paises (pais_id,pais_nombre) values (100,'Hungría');
insert into paises (pais_id,pais_nombre) values (101,'Islandia');
insert into paises (pais_id,pais_nombre) values (102,'India');
insert into paises (pais_id,pais_nombre) values (103,'Indonesia');
insert into paises (pais_id,pais_nombre) values (104,'Irán');
insert into paises (pais_id,pais_nombre) values (105,'Irak');
insert into paises (pais_id,pais_nombre) values (106,'Irlanda');
insert into paises (pais_id,pais_nombre) values (107,'Israel');
insert into paises (pais_id,pais_nombre) values (108,'Italia');
insert into paises (pais_id,pais_nombre) values (109,'Costa De Marfil');
insert into paises (pais_id,pais_nombre) values (110,'Jamaica');
insert into paises (pais_id,pais_nombre) values (111,'Japón');
insert into paises (pais_id,pais_nombre) values (112,'Kazajstán');
insert into paises (pais_id,pais_nombre) values (113,'Jordania');
insert into paises (pais_id,pais_nombre) values (114,'Kenia');
insert into paises (pais_id,pais_nombre) values (115,'Corea Del Norte');
insert into paises (pais_id,pais_nombre) values (116,'Corea Del Sur');
insert into paises (pais_id,pais_nombre) values (117,'Kuwait');
insert into paises (pais_id,pais_nombre) values (118,'Kirguistán');
insert into paises (pais_id,pais_nombre) values (119,'Laos');
insert into paises (pais_id,pais_nombre) values (120,'Líbano');
insert into paises (pais_id,pais_nombre) values (121,'Lesotho');
insert into paises (pais_id,pais_nombre) values (122,'Letonia');
insert into paises (pais_id,pais_nombre) values (123,'Liberia');
insert into paises (pais_id,pais_nombre) values (124,'Libia');
insert into paises (pais_id,pais_nombre) values (125,'Liechtenstein');
insert into paises (pais_id,pais_nombre) values (126,'Lituania');
insert into paises (pais_id,pais_nombre) values (127,'Luxemburgo');
insert into paises (pais_id,pais_nombre) values (128,'Macao');
insert into paises (pais_id,pais_nombre) values (129,'Madagascar');
insert into paises (pais_id,pais_nombre) values (130,'Malawi');
insert into paises (pais_id,pais_nombre) values (131,'Malasia');
insert into paises (pais_id,pais_nombre) values (132,'Maldivas');
insert into paises (pais_id,pais_nombre) values (133,'Mali');
insert into paises (pais_id,pais_nombre) values (134,'Malta');
insert into paises (pais_id,pais_nombre) values (135,'Martinica');
insert into paises (pais_id,pais_nombre) values (136,'Mauritania');
insert into paises (pais_id,pais_nombre) values (137,'Mauricio');
insert into paises (pais_id,pais_nombre) values (138,'México');
insert into paises (pais_id,pais_nombre) values (139,'Mónaco');
insert into paises (pais_id,pais_nombre) values (140,'Mongolia');
insert into paises (pais_id,pais_nombre) values (141,'Moldova');
insert into paises (pais_id,pais_nombre) values (142,'Montenegro');
insert into paises (pais_id,pais_nombre) values (143,'Montserrat');
insert into paises (pais_id,pais_nombre) values (144,'Marruecos');
insert into paises (pais_id,pais_nombre) values (145,'Mozambique');
insert into paises (pais_id,pais_nombre) values (146,'Omán');
insert into paises (pais_id,pais_nombre) values (147,'Namibia');
insert into paises (pais_id,pais_nombre) values (148,'Nauru');
insert into paises (pais_id,pais_nombre) values (149,'Nepal');
insert into paises (pais_id,pais_nombre) values (150,'Países Bajos');
insert into paises (pais_id,pais_nombre) values (151,'Antillas Neerlandesas');
insert into paises (pais_id,pais_nombre) values (152,'Aruba');
insert into paises (pais_id,pais_nombre) values (153,'Nueva Caledonia');
insert into paises (pais_id,pais_nombre) values (154,'Vanuatu');
insert into paises (pais_id,pais_nombre) values (155,'Nueva Zelanda');
insert into paises (pais_id,pais_nombre) values (156,'Nicaragua');
insert into paises (pais_id,pais_nombre) values (157,'Níger');
insert into paises (pais_id,pais_nombre) values (158,'Nigeria');
insert into paises (pais_id,pais_nombre) values (159,'Niue');
insert into paises (pais_id,pais_nombre) values (160,'Islas Norkfolk');
insert into paises (pais_id,pais_nombre) values (161,'Noruega');
insert into paises (pais_id,pais_nombre) values (162,'Micronesia');
insert into paises (pais_id,pais_nombre) values (163,'Islas Marshall');
insert into paises (pais_id,pais_nombre) values (164,'Islas Palaos');
insert into paises (pais_id,pais_nombre) values (165,'Pakistán');
insert into paises (pais_id,pais_nombre) values (166,'Panamá');
insert into paises (pais_id,pais_nombre) values (167,'Papúa Nueva Guinea');
insert into paises (pais_id,pais_nombre) values (168,'Paraguay');
insert into paises (pais_id,pais_nombre) values (169,'Perú');
insert into paises (pais_id,pais_nombre) values (170,'Filipinas');
insert into paises (pais_id,pais_nombre) values (171,'Islas Pitcairn');
insert into paises (pais_id,pais_nombre) values (172,'Polonia');
insert into paises (pais_id,pais_nombre) values (173,'Portugal');
insert into paises (pais_id,pais_nombre) values (174,'Guinea-Bissau');
insert into paises (pais_id,pais_nombre) values (175,'Timor-Leste');
insert into paises (pais_id,pais_nombre) values (176,'Puerto Rico');
insert into paises (pais_id,pais_nombre) values (177,'Qatar');
insert into paises (pais_id,pais_nombre) values (178,'Reunión');
insert into paises (pais_id,pais_nombre) values (179,'Rumanía');
insert into paises (pais_id,pais_nombre) values (180,'Rusia');
insert into paises (pais_id,pais_nombre) values (181,'Ruanda');
insert into paises (pais_id,pais_nombre) values (182,'San Bartolomé');
insert into paises (pais_id,pais_nombre) values (183,'Santa Elena');
insert into paises (pais_id,pais_nombre) values (184,'San Cristóbal Y Nieves');
insert into paises (pais_id,pais_nombre) values (185,'Anguila');
insert into paises (pais_id,pais_nombre) values (186,'Santa Lucía');
insert into paises (pais_id,pais_nombre) values (187,'San Pedro Y Miquelón');
insert into paises (pais_id,pais_nombre) values (188,'San Vicente Y Las Granadinas');
insert into paises (pais_id,pais_nombre) values (189,'San Marino');
insert into paises (pais_id,pais_nombre) values (190,'Santo Tomé Y Príncipe');
insert into paises (pais_id,pais_nombre) values (191,'Arabia Saudita');
insert into paises (pais_id,pais_nombre) values (192,'Senegal');
insert into paises (pais_id,pais_nombre) values (193,'Serbia Y Montenegro');
insert into paises (pais_id,pais_nombre) values (194,'Seychelles');
insert into paises (pais_id,pais_nombre) values (195,'Sierra Leona');
insert into paises (pais_id,pais_nombre) values (196,'Singapur');
insert into paises (pais_id,pais_nombre) values (197,'Eslovaquia');
insert into paises (pais_id,pais_nombre) values (198,'Vietnam');
insert into paises (pais_id,pais_nombre) values (199,'Eslovenia');
insert into paises (pais_id,pais_nombre) values (200,'Somalia');
insert into paises (pais_id,pais_nombre) values (201,'Sudáfrica');
insert into paises (pais_id,pais_nombre) values (202,'España');
insert into paises (pais_id,pais_nombre) values (203,'Sahara Occidental');
insert into paises (pais_id,pais_nombre) values (204,'Sudán');
insert into paises (pais_id,pais_nombre) values (205,'Surinam');
insert into paises (pais_id,pais_nombre) values (206,'Islas Svalbard Y Jan Mayen');
insert into paises (pais_id,pais_nombre) values (207,'Suazilandia');
insert into paises (pais_id,pais_nombre) values (208,'Suecia');
insert into paises (pais_id,pais_nombre) values (209,'Suiza');
insert into paises (pais_id,pais_nombre) values (210,'Siria');
insert into paises (pais_id,pais_nombre) values (211,'Tayikistán');
insert into paises (pais_id,pais_nombre) values (212,'Tailandia');
insert into paises (pais_id,pais_nombre) values (213,'Togo');
insert into paises (pais_id,pais_nombre) values (214,'Tokelau');
insert into paises (pais_id,pais_nombre) values (215,'Tonga');
insert into paises (pais_id,pais_nombre) values (216,'Trinidad Y Tobago');
insert into paises (pais_id,pais_nombre) values (217,'Emiratos Árabes Unidos');
insert into paises (pais_id,pais_nombre) values (218,'Túnez');
insert into paises (pais_id,pais_nombre) values (219,'Turquía');
insert into paises (pais_id,pais_nombre) values (220,'Turkmenistán');
insert into paises (pais_id,pais_nombre) values (221,'Islas Turcas Y Caicos');
insert into paises (pais_id,pais_nombre) values (222,'Tuvalu');
insert into paises (pais_id,pais_nombre) values (223,'Uganda');
insert into paises (pais_id,pais_nombre) values (224,'Ucrania');
insert into paises (pais_id,pais_nombre) values (225,'Macedonia');
insert into paises (pais_id,pais_nombre) values (226,'Egipto');
insert into paises (pais_id,pais_nombre) values (227,'Reino Unido');
insert into paises (pais_id,pais_nombre) values (228,'Guernsey');
insert into paises (pais_id,pais_nombre) values (229,'Jersey');
insert into paises (pais_id,pais_nombre) values (230,'Isla De Man');
insert into paises (pais_id,pais_nombre) values (231,'Tanzania');
insert into paises (pais_id,pais_nombre) values (232,'Estados Unidos De América');
insert into paises (pais_id,pais_nombre) values (233,'Islas Vírgenes De Los Estados Unidos De América');
insert into paises (pais_id,pais_nombre) values (234,'Burkina Faso');
insert into paises (pais_id,pais_nombre) values (235,'Uruguay');
insert into paises (pais_id,pais_nombre) values (236,'Uzbekistán');
insert into paises (pais_id,pais_nombre) values (237,'Venezuela');
insert into paises (pais_id,pais_nombre) values (238,'Wallis Y Futuna');
insert into paises (pais_id,pais_nombre) values (239,'Samoa');
insert into paises (pais_id,pais_nombre) values (240,'Yemen');


-- REGIONES


insert into regiones (region_id,region_nombre,region_alias,region_orden,pais_id) values (1,'De Tarapacá','I',2,43);
insert into regiones (region_id,region_nombre,region_alias,region_orden,pais_id) values (2,'De Antofagasta','II',3,43);
insert into regiones (region_id,region_nombre,region_alias,region_orden,pais_id) values (3,'De Atacama','III',4,43);
insert into regiones (region_id,region_nombre,region_alias,region_orden,pais_id) values (4,'De Coquimbo','IV',5,43);
insert into regiones (region_id,region_nombre,region_alias,region_orden,pais_id) values (5,'De Valparaíso','V',6,43);
insert into regiones (region_id,region_nombre,region_alias,region_orden,pais_id) values (6,'Del Libertador B. O´Higgins','VI',8,43);
insert into regiones (region_id,region_nombre,region_alias,region_orden,pais_id) values (7,'Del Maule','VII',9,43);
insert into regiones (region_id,region_nombre,region_alias,region_orden,pais_id) values (8,'Del Biobío','VIII',10,43);
insert into regiones (region_id,region_nombre,region_alias,region_orden,pais_id) values (9,'De La Araucanía','IX',11,43);
insert into regiones (region_id,region_nombre,region_alias,region_orden,pais_id) values (10,'De Los Lagos','X',13,43);
insert into regiones (region_id,region_nombre,region_alias,region_orden,pais_id) values (11,'De Aisén del Gral.C.Ibañez del Campo','XI',14,43);
insert into regiones (region_id,region_nombre,region_alias,region_orden,pais_id) values (12,'De Magallanes  y de La Antártica chilena','XII',15,43);
insert into regiones (region_id,region_nombre,region_alias,region_orden,pais_id) values (13,'Metropolitana De Santiago','RM',7,43);
insert into regiones (region_id,region_nombre,region_alias,region_orden,pais_id) values (14,'De Los Rios','XIV',12,43);
insert into regiones (region_id,region_nombre,region_alias,region_orden,pais_id) values (15,'De Arica y Parinacota','XV',1,43);







-- COMUNAS



insert into comunas (comuna_id,region_id,comuna_nombre) values (1101,1,'Iquique');
insert into comunas (comuna_id,region_id,comuna_nombre) values (1107,1,'Alto Hospicio');
insert into comunas (comuna_id,region_id,comuna_nombre) values (1401,1,'Pozo Almonte');
insert into comunas (comuna_id,region_id,comuna_nombre) values (1402,1,'Camiña');
insert into comunas (comuna_id,region_id,comuna_nombre) values (1403,1,'Colchane');
insert into comunas (comuna_id,region_id,comuna_nombre) values (1404,1,'Huara');
insert into comunas (comuna_id,region_id,comuna_nombre) values (1405,1,'Pica');
insert into comunas (comuna_id,region_id,comuna_nombre) values (2101,2,'Antofagasta');
insert into comunas (comuna_id,region_id,comuna_nombre) values (2102,2,'Mejillones');
insert into comunas (comuna_id,region_id,comuna_nombre) values (2103,2,'Sierra Gorda');
insert into comunas (comuna_id,region_id,comuna_nombre) values (2104,2,'Taltal');
insert into comunas (comuna_id,region_id,comuna_nombre) values (2201,2,'Calama');
insert into comunas (comuna_id,region_id,comuna_nombre) values (2202,2,'Ollagüe');
insert into comunas (comuna_id,region_id,comuna_nombre) values (2203,2,'San Pedro de Atacama');
insert into comunas (comuna_id,region_id,comuna_nombre) values (2301,2,'Tocopilla');
insert into comunas (comuna_id,region_id,comuna_nombre) values (2302,2,'Maria Elena');
insert into comunas (comuna_id,region_id,comuna_nombre) values (3101,3,'Copiapo');
insert into comunas (comuna_id,region_id,comuna_nombre) values (3102,3,'Caldera');
insert into comunas (comuna_id,region_id,comuna_nombre) values (3103,3,'Tierra Amarilla');
insert into comunas (comuna_id,region_id,comuna_nombre) values (3201,3,'Chañaral');
insert into comunas (comuna_id,region_id,comuna_nombre) values (3202,3,'Diego de Almagro');
insert into comunas (comuna_id,region_id,comuna_nombre) values (3301,3,'Vallenar');
insert into comunas (comuna_id,region_id,comuna_nombre) values (3302,3,'Alto del Carmen');
insert into comunas (comuna_id,region_id,comuna_nombre) values (3303,3,'Freirina');
insert into comunas (comuna_id,region_id,comuna_nombre) values (3304,3,'Huasco');
insert into comunas (comuna_id,region_id,comuna_nombre) values (4101,4,'La Serena');
insert into comunas (comuna_id,region_id,comuna_nombre) values (4102,4,'Coquimbo');
insert into comunas (comuna_id,region_id,comuna_nombre) values (4103,4,'Andacollo');
insert into comunas (comuna_id,region_id,comuna_nombre) values (4104,4,'La Higuera');
insert into comunas (comuna_id,region_id,comuna_nombre) values (4105,4,'Paiguano');
insert into comunas (comuna_id,region_id,comuna_nombre) values (4106,4,'Vicuña');
insert into comunas (comuna_id,region_id,comuna_nombre) values (4201,4,'Illapel');
insert into comunas (comuna_id,region_id,comuna_nombre) values (4202,4,'Canela');
insert into comunas (comuna_id,region_id,comuna_nombre) values (4203,4,'Los Vilos');
insert into comunas (comuna_id,region_id,comuna_nombre) values (4204,4,'Salamanca');
insert into comunas (comuna_id,region_id,comuna_nombre) values (4301,4,'Ovalle');
insert into comunas (comuna_id,region_id,comuna_nombre) values (4302,4,'Combarbalá');
insert into comunas (comuna_id,region_id,comuna_nombre) values (4303,4,'Monte Patria');
insert into comunas (comuna_id,region_id,comuna_nombre) values (4304,4,'Punitaqui');
insert into comunas (comuna_id,region_id,comuna_nombre) values (4305,4,'Río Hurtado');
insert into comunas (comuna_id,region_id,comuna_nombre) values (5101,5,'Valparaiso');
insert into comunas (comuna_id,region_id,comuna_nombre) values (5102,5,'Casablanca');
insert into comunas (comuna_id,region_id,comuna_nombre) values (5103,5,'Con Con');
insert into comunas (comuna_id,region_id,comuna_nombre) values (5104,5,'Juan Fernández');
insert into comunas (comuna_id,region_id,comuna_nombre) values (5105,5,'Puchuncaví');
insert into comunas (comuna_id,region_id,comuna_nombre) values (5107,5,'Quintero');
insert into comunas (comuna_id,region_id,comuna_nombre) values (5109,5,'Viña del Mar');
insert into comunas (comuna_id,region_id,comuna_nombre) values (5201,5,'Isla de Pascua');
insert into comunas (comuna_id,region_id,comuna_nombre) values (5301,5,'Los Andes');
insert into comunas (comuna_id,region_id,comuna_nombre) values (5302,5,'Calle Larga');
insert into comunas (comuna_id,region_id,comuna_nombre) values (5303,5,'Rinconada');
insert into comunas (comuna_id,region_id,comuna_nombre) values (5304,5,'San Esteban');
insert into comunas (comuna_id,region_id,comuna_nombre) values (5401,5,'La Ligua');
insert into comunas (comuna_id,region_id,comuna_nombre) values (5402,5,'Cabildo');
insert into comunas (comuna_id,region_id,comuna_nombre) values (5403,5,'Papudo');
insert into comunas (comuna_id,region_id,comuna_nombre) values (5404,5,'Petorca');
insert into comunas (comuna_id,region_id,comuna_nombre) values (5405,5,'Zapallar');
insert into comunas (comuna_id,region_id,comuna_nombre) values (5501,5,'Quillota');
insert into comunas (comuna_id,region_id,comuna_nombre) values (5502,5,'Calera');
insert into comunas (comuna_id,region_id,comuna_nombre) values (5503,5,'Hijuelas');
insert into comunas (comuna_id,region_id,comuna_nombre) values (5504,5,'La Cruz');
insert into comunas (comuna_id,region_id,comuna_nombre) values (5506,5,'Nogales');
insert into comunas (comuna_id,region_id,comuna_nombre) values (5601,5,'San Antonio');
insert into comunas (comuna_id,region_id,comuna_nombre) values (5602,5,'Algarrobo');
insert into comunas (comuna_id,region_id,comuna_nombre) values (5603,5,'Cartagena');
insert into comunas (comuna_id,region_id,comuna_nombre) values (5604,5,'El Quisco');
insert into comunas (comuna_id,region_id,comuna_nombre) values (5605,5,'El Tabo');
insert into comunas (comuna_id,region_id,comuna_nombre) values (5606,5,'Santo Domingo');
insert into comunas (comuna_id,region_id,comuna_nombre) values (5701,5,'San Felipe');
insert into comunas (comuna_id,region_id,comuna_nombre) values (5702,5,'Catemu');
insert into comunas (comuna_id,region_id,comuna_nombre) values (5703,5,'Llaillay');
insert into comunas (comuna_id,region_id,comuna_nombre) values (5704,5,'Panquehue');
insert into comunas (comuna_id,region_id,comuna_nombre) values (5705,5,'Putaendo');
insert into comunas (comuna_id,region_id,comuna_nombre) values (5706,5,'Santa Maria');
insert into comunas (comuna_id,region_id,comuna_nombre) values (5801,5,'Quilpue');
insert into comunas (comuna_id,region_id,comuna_nombre) values (5802,5,'Limache');
insert into comunas (comuna_id,region_id,comuna_nombre) values (5803,5,'Olmué');
insert into comunas (comuna_id,region_id,comuna_nombre) values (5804,5,'Villa Alemana');
insert into comunas (comuna_id,region_id,comuna_nombre) values (6101,6,'Rancagua');
insert into comunas (comuna_id,region_id,comuna_nombre) values (6102,6,'Codegua');
insert into comunas (comuna_id,region_id,comuna_nombre) values (6103,6,'Coinco');
insert into comunas (comuna_id,region_id,comuna_nombre) values (6104,6,'Coltauco');
insert into comunas (comuna_id,region_id,comuna_nombre) values (6105,6,'Doñihue');
insert into comunas (comuna_id,region_id,comuna_nombre) values (6106,6,'Graneros');
insert into comunas (comuna_id,region_id,comuna_nombre) values (6107,6,'Las Cabras');
insert into comunas (comuna_id,region_id,comuna_nombre) values (6108,6,'Machalí');
insert into comunas (comuna_id,region_id,comuna_nombre) values (6109,6,'Malloa');
insert into comunas (comuna_id,region_id,comuna_nombre) values (6110,6,'Mostazal');
insert into comunas (comuna_id,region_id,comuna_nombre) values (6111,6,'Olivar');
insert into comunas (comuna_id,region_id,comuna_nombre) values (6112,6,'Peumo');
insert into comunas (comuna_id,region_id,comuna_nombre) values (6113,6,'Pichidegua');
insert into comunas (comuna_id,region_id,comuna_nombre) values (6114,6,'Quinta de Tilcoco');
insert into comunas (comuna_id,region_id,comuna_nombre) values (6115,6,'Rengo');
insert into comunas (comuna_id,region_id,comuna_nombre) values (6116,6,'Requínoa');
insert into comunas (comuna_id,region_id,comuna_nombre) values (6117,6,'San Vicente');
insert into comunas (comuna_id,region_id,comuna_nombre) values (6201,6,'Pichilemu');
insert into comunas (comuna_id,region_id,comuna_nombre) values (6202,6,'La Estrella');
insert into comunas (comuna_id,region_id,comuna_nombre) values (6203,6,'Litueche');
insert into comunas (comuna_id,region_id,comuna_nombre) values (6204,6,'Marchihue');
insert into comunas (comuna_id,region_id,comuna_nombre) values (6205,6,'Navidad');
insert into comunas (comuna_id,region_id,comuna_nombre) values (6206,6,'Paredones');
insert into comunas (comuna_id,region_id,comuna_nombre) values (6301,6,'San Fernando');
insert into comunas (comuna_id,region_id,comuna_nombre) values (6302,6,'Chepica');
insert into comunas (comuna_id,region_id,comuna_nombre) values (6303,6,'Chimbarongo');
insert into comunas (comuna_id,region_id,comuna_nombre) values (6304,6,'Lolol');
insert into comunas (comuna_id,region_id,comuna_nombre) values (6305,6,'Nancagua');
insert into comunas (comuna_id,region_id,comuna_nombre) values (6306,6,'Palmilla');
insert into comunas (comuna_id,region_id,comuna_nombre) values (6307,6,'Peralillo');
insert into comunas (comuna_id,region_id,comuna_nombre) values (6308,6,'Placilla');
insert into comunas (comuna_id,region_id,comuna_nombre) values (6309,6,'Pumanque');
insert into comunas (comuna_id,region_id,comuna_nombre) values (6310,6,'Santa Cruz');
insert into comunas (comuna_id,region_id,comuna_nombre) values (7101,7,'Talca');
insert into comunas (comuna_id,region_id,comuna_nombre) values (7102,7,'Constitución');
insert into comunas (comuna_id,region_id,comuna_nombre) values (7103,7,'Curepto');
insert into comunas (comuna_id,region_id,comuna_nombre) values (7104,7,'Empedrado');
insert into comunas (comuna_id,region_id,comuna_nombre) values (7105,7,'Maule');
insert into comunas (comuna_id,region_id,comuna_nombre) values (7106,7,'Pelarco');
insert into comunas (comuna_id,region_id,comuna_nombre) values (7107,7,'Pencahue');
insert into comunas (comuna_id,region_id,comuna_nombre) values (7108,7,'Río Claro');
insert into comunas (comuna_id,region_id,comuna_nombre) values (7109,7,'San Clemente');
insert into comunas (comuna_id,region_id,comuna_nombre) values (7110,7,'San Rafael');
insert into comunas (comuna_id,region_id,comuna_nombre) values (7201,7,'Cauquenes');
insert into comunas (comuna_id,region_id,comuna_nombre) values (7202,7,'Chanco');
insert into comunas (comuna_id,region_id,comuna_nombre) values (7203,7,'Pelluhue');
insert into comunas (comuna_id,region_id,comuna_nombre) values (7301,7,'Curicó');
insert into comunas (comuna_id,region_id,comuna_nombre) values (7302,7,'Hualañé');
insert into comunas (comuna_id,region_id,comuna_nombre) values (7303,7,'Licantén');
insert into comunas (comuna_id,region_id,comuna_nombre) values (7304,7,'Molina');
insert into comunas (comuna_id,region_id,comuna_nombre) values (7305,7,'Rauco');
insert into comunas (comuna_id,region_id,comuna_nombre) values (7306,7,'Romeral');
insert into comunas (comuna_id,region_id,comuna_nombre) values (7307,7,'Sagrada Familia');
insert into comunas (comuna_id,region_id,comuna_nombre) values (7308,7,'Teno');
insert into comunas (comuna_id,region_id,comuna_nombre) values (7309,7,'Vichuquén');
insert into comunas (comuna_id,region_id,comuna_nombre) values (7401,7,'Linares');
insert into comunas (comuna_id,region_id,comuna_nombre) values (7402,7,'Colbún');
insert into comunas (comuna_id,region_id,comuna_nombre) values (7403,7,'Longaví');
insert into comunas (comuna_id,region_id,comuna_nombre) values (7404,7,'Parral');
insert into comunas (comuna_id,region_id,comuna_nombre) values (7405,7,'Retiro');
insert into comunas (comuna_id,region_id,comuna_nombre) values (7406,7,'San Javier');
insert into comunas (comuna_id,region_id,comuna_nombre) values (7407,7,'Villa Alegre');
insert into comunas (comuna_id,region_id,comuna_nombre) values (7408,7,'Yerbas Buenas');
insert into comunas (comuna_id,region_id,comuna_nombre) values (8101,8,'Concepción');
insert into comunas (comuna_id,region_id,comuna_nombre) values (8102,8,'Coronel');
insert into comunas (comuna_id,region_id,comuna_nombre) values (8103,8,'Chiguayante');
insert into comunas (comuna_id,region_id,comuna_nombre) values (8104,8,'Florida');
insert into comunas (comuna_id,region_id,comuna_nombre) values (8105,8,'Hualqui');
insert into comunas (comuna_id,region_id,comuna_nombre) values (8106,8,'Lota');
insert into comunas (comuna_id,region_id,comuna_nombre) values (8107,8,'Penco');
insert into comunas (comuna_id,region_id,comuna_nombre) values (8108,8,'San Pedro de la Paz');
insert into comunas (comuna_id,region_id,comuna_nombre) values (8109,8,'Santa Juana');
insert into comunas (comuna_id,region_id,comuna_nombre) values (8110,8,'Talcahuano');
insert into comunas (comuna_id,region_id,comuna_nombre) values (8111,8,'Tome');
insert into comunas (comuna_id,region_id,comuna_nombre) values (8112,8,'Hualpén');
insert into comunas (comuna_id,region_id,comuna_nombre) values (8201,8,'Lebu');
insert into comunas (comuna_id,region_id,comuna_nombre) values (8202,8,'Arauco');
insert into comunas (comuna_id,region_id,comuna_nombre) values (8203,8,'Cañete');
insert into comunas (comuna_id,region_id,comuna_nombre) values (8204,8,'Contulmo');
insert into comunas (comuna_id,region_id,comuna_nombre) values (8205,8,'Curanilahue');
insert into comunas (comuna_id,region_id,comuna_nombre) values (8206,8,'Los Álamos');
insert into comunas (comuna_id,region_id,comuna_nombre) values (8207,8,'Tirúa');
insert into comunas (comuna_id,region_id,comuna_nombre) values (8301,8,'Los Ángeles');
insert into comunas (comuna_id,region_id,comuna_nombre) values (8302,8,'Antuco');
insert into comunas (comuna_id,region_id,comuna_nombre) values (8303,8,'Cabrero');
insert into comunas (comuna_id,region_id,comuna_nombre) values (8304,8,'Laja');
insert into comunas (comuna_id,region_id,comuna_nombre) values (8305,8,'Mulchén');
insert into comunas (comuna_id,region_id,comuna_nombre) values (8306,8,'Nacimiento');
insert into comunas (comuna_id,region_id,comuna_nombre) values (8307,8,'Negrete');
insert into comunas (comuna_id,region_id,comuna_nombre) values (8308,8,'Quilaco');
insert into comunas (comuna_id,region_id,comuna_nombre) values (8309,8,'Quilleco');
insert into comunas (comuna_id,region_id,comuna_nombre) values (8310,8,'San Rosendo');
insert into comunas (comuna_id,region_id,comuna_nombre) values (8311,8,'Santa Bárbara');
insert into comunas (comuna_id,region_id,comuna_nombre) values (8312,8,'Tucapel');
insert into comunas (comuna_id,region_id,comuna_nombre) values (8313,8,'Yumbel');
insert into comunas (comuna_id,region_id,comuna_nombre) values (8314,8,'Alto Biobío');
insert into comunas (comuna_id,region_id,comuna_nombre) values (8401,8,'Chillán ');
insert into comunas (comuna_id,region_id,comuna_nombre) values (8402,8,'Bulnes');
insert into comunas (comuna_id,region_id,comuna_nombre) values (8403,8,'Cobquecura');
insert into comunas (comuna_id,region_id,comuna_nombre) values (8404,8,'Coelemu');
insert into comunas (comuna_id,region_id,comuna_nombre) values (8405,8,'Coihueco');
insert into comunas (comuna_id,region_id,comuna_nombre) values (8406,8,'Chillán Viejo');
insert into comunas (comuna_id,region_id,comuna_nombre) values (8407,8,'El Carmen');
insert into comunas (comuna_id,region_id,comuna_nombre) values (8408,8,'Ninhue');
insert into comunas (comuna_id,region_id,comuna_nombre) values (8409,8,'Ñiquén');
insert into comunas (comuna_id,region_id,comuna_nombre) values (8410,8,'Pemuco');
insert into comunas (comuna_id,region_id,comuna_nombre) values (8411,8,'Pinto');
insert into comunas (comuna_id,region_id,comuna_nombre) values (8412,8,'Portezuelo');
insert into comunas (comuna_id,region_id,comuna_nombre) values (8413,8,'Quillón');
insert into comunas (comuna_id,region_id,comuna_nombre) values (8414,8,'Quirihue');
insert into comunas (comuna_id,region_id,comuna_nombre) values (8415,8,'Ránquil');
insert into comunas (comuna_id,region_id,comuna_nombre) values (8416,8,'San Carlos');
insert into comunas (comuna_id,region_id,comuna_nombre) values (8417,8,'San Fabián');
insert into comunas (comuna_id,region_id,comuna_nombre) values (8418,8,'San Ignacio');
insert into comunas (comuna_id,region_id,comuna_nombre) values (8419,8,'San Nicolás');
insert into comunas (comuna_id,region_id,comuna_nombre) values (8420,8,'Treguaco');
insert into comunas (comuna_id,region_id,comuna_nombre) values (8421,8,'Yungay');
insert into comunas (comuna_id,region_id,comuna_nombre) values (9101,9,'Temuco');
insert into comunas (comuna_id,region_id,comuna_nombre) values (9102,9,'Carahue');
insert into comunas (comuna_id,region_id,comuna_nombre) values (9103,9,'Cunco');
insert into comunas (comuna_id,region_id,comuna_nombre) values (9104,9,'Curarrehue');
insert into comunas (comuna_id,region_id,comuna_nombre) values (9105,9,'Freire');
insert into comunas (comuna_id,region_id,comuna_nombre) values (9106,9,'Galvarino');
insert into comunas (comuna_id,region_id,comuna_nombre) values (9107,9,'Gorbea');
insert into comunas (comuna_id,region_id,comuna_nombre) values (9108,9,'Lautaro');
insert into comunas (comuna_id,region_id,comuna_nombre) values (9109,9,'Loncoche');
insert into comunas (comuna_id,region_id,comuna_nombre) values (9110,9,'Melipeuco');
insert into comunas (comuna_id,region_id,comuna_nombre) values (9111,9,'Nueva Imperial');
insert into comunas (comuna_id,region_id,comuna_nombre) values (9112,9,'Padre Las Casas');
insert into comunas (comuna_id,region_id,comuna_nombre) values (9113,9,'Perquenco');
insert into comunas (comuna_id,region_id,comuna_nombre) values (9114,9,'Pitrufquén');
insert into comunas (comuna_id,region_id,comuna_nombre) values (9115,9,'Pucón');
insert into comunas (comuna_id,region_id,comuna_nombre) values (9116,9,'Saavedra');
insert into comunas (comuna_id,region_id,comuna_nombre) values (9117,9,'Teodoro Schmidt');
insert into comunas (comuna_id,region_id,comuna_nombre) values (9118,9,'Toltén');
insert into comunas (comuna_id,region_id,comuna_nombre) values (9119,9,'Vilcún');
insert into comunas (comuna_id,region_id,comuna_nombre) values (9120,9,'Villarrica');
insert into comunas (comuna_id,region_id,comuna_nombre) values (9121,9,'Cholchol');
insert into comunas (comuna_id,region_id,comuna_nombre) values (9201,9,'Angol');
insert into comunas (comuna_id,region_id,comuna_nombre) values (9202,9,'Collipulli');
insert into comunas (comuna_id,region_id,comuna_nombre) values (9203,9,'Curacautín');
insert into comunas (comuna_id,region_id,comuna_nombre) values (9204,9,'Ercilla');
insert into comunas (comuna_id,region_id,comuna_nombre) values (9205,9,'Lonquimay');
insert into comunas (comuna_id,region_id,comuna_nombre) values (9206,9,'Los Sauces');
insert into comunas (comuna_id,region_id,comuna_nombre) values (9207,9,'Lumaco');
insert into comunas (comuna_id,region_id,comuna_nombre) values (9208,9,'Purén');
insert into comunas (comuna_id,region_id,comuna_nombre) values (9209,9,'Renaico');
insert into comunas (comuna_id,region_id,comuna_nombre) values (9210,9,'Traiguén');
insert into comunas (comuna_id,region_id,comuna_nombre) values (9211,9,'Victoria');
insert into comunas (comuna_id,region_id,comuna_nombre) values (10101,10,'Puerto Montt');
insert into comunas (comuna_id,region_id,comuna_nombre) values (10102,10,'Calbuco');
insert into comunas (comuna_id,region_id,comuna_nombre) values (10103,10,'Cochamó');
insert into comunas (comuna_id,region_id,comuna_nombre) values (10104,10,'Fresia');
insert into comunas (comuna_id,region_id,comuna_nombre) values (10105,10,'Frutillar');
insert into comunas (comuna_id,region_id,comuna_nombre) values (10106,10,'Los Muermos');
insert into comunas (comuna_id,region_id,comuna_nombre) values (10107,10,'Llanquihue');
insert into comunas (comuna_id,region_id,comuna_nombre) values (10108,10,'Maullín');
insert into comunas (comuna_id,region_id,comuna_nombre) values (10109,10,'Puerto Varas');
insert into comunas (comuna_id,region_id,comuna_nombre) values (10201,10,'Castro');
insert into comunas (comuna_id,region_id,comuna_nombre) values (10202,10,'Ancud');
insert into comunas (comuna_id,region_id,comuna_nombre) values (10203,10,'Chonchi');
insert into comunas (comuna_id,region_id,comuna_nombre) values (10204,10,'Curaco de Vélez');
insert into comunas (comuna_id,region_id,comuna_nombre) values (10205,10,'Dalcahue');
insert into comunas (comuna_id,region_id,comuna_nombre) values (10206,10,'Puqueldón');
insert into comunas (comuna_id,region_id,comuna_nombre) values (10207,10,'Queilén');
insert into comunas (comuna_id,region_id,comuna_nombre) values (10208,10,'Quellón');
insert into comunas (comuna_id,region_id,comuna_nombre) values (10209,10,'Quemchi');
insert into comunas (comuna_id,region_id,comuna_nombre) values (10210,10,'Quinchao');
insert into comunas (comuna_id,region_id,comuna_nombre) values (10301,10,'Osorno');
insert into comunas (comuna_id,region_id,comuna_nombre) values (10302,10,'Puerto Octay');
insert into comunas (comuna_id,region_id,comuna_nombre) values (10303,10,'Purranque');
insert into comunas (comuna_id,region_id,comuna_nombre) values (10304,10,'Puyehue');
insert into comunas (comuna_id,region_id,comuna_nombre) values (10305,10,'Río Negro');
insert into comunas (comuna_id,region_id,comuna_nombre) values (10306,10,'San Juan de la Costa');
insert into comunas (comuna_id,region_id,comuna_nombre) values (10307,10,'San Pablo');
insert into comunas (comuna_id,region_id,comuna_nombre) values (10401,10,'Chaitén');
insert into comunas (comuna_id,region_id,comuna_nombre) values (10402,10,'Futaleufú');
insert into comunas (comuna_id,region_id,comuna_nombre) values (10403,10,'Hualaihué');
insert into comunas (comuna_id,region_id,comuna_nombre) values (10404,10,'Palena');
insert into comunas (comuna_id,region_id,comuna_nombre) values (11101,11,'Coihaique');
insert into comunas (comuna_id,region_id,comuna_nombre) values (11102,11,'Lago Verde');
insert into comunas (comuna_id,region_id,comuna_nombre) values (11201,11,'Aisén');
insert into comunas (comuna_id,region_id,comuna_nombre) values (11202,11,'Cisnes');
insert into comunas (comuna_id,region_id,comuna_nombre) values (11203,11,'Guaitecas');
insert into comunas (comuna_id,region_id,comuna_nombre) values (11301,11,'Cochrane');
insert into comunas (comuna_id,region_id,comuna_nombre) values (11302,11,'O Higgins');
insert into comunas (comuna_id,region_id,comuna_nombre) values (11303,11,'Tortel');
insert into comunas (comuna_id,region_id,comuna_nombre) values (11401,11,'Chile Chico');
insert into comunas (comuna_id,region_id,comuna_nombre) values (11402,11,'Río Ibáñez');
insert into comunas (comuna_id,region_id,comuna_nombre) values (12101,12,'Punta Arenas');
insert into comunas (comuna_id,region_id,comuna_nombre) values (12102,12,'Laguna Blanca');
insert into comunas (comuna_id,region_id,comuna_nombre) values (12103,12,'Río Verde');
insert into comunas (comuna_id,region_id,comuna_nombre) values (12104,12,'San Gregorio');
insert into comunas (comuna_id,region_id,comuna_nombre) values (12201,12,'Cabo de Hornos');
insert into comunas (comuna_id,region_id,comuna_nombre) values (12202,12,'Antártica');
insert into comunas (comuna_id,region_id,comuna_nombre) values (12301,12,'Porvenir');
insert into comunas (comuna_id,region_id,comuna_nombre) values (12302,12,'Primavera');
insert into comunas (comuna_id,region_id,comuna_nombre) values (12303,12,'Timaukel');
insert into comunas (comuna_id,region_id,comuna_nombre) values (12401,12,'Natales');
insert into comunas (comuna_id,region_id,comuna_nombre) values (12402,12,'Torres del Paine');
insert into comunas (comuna_id,region_id,comuna_nombre) values (13101,13,'Santiago');
insert into comunas (comuna_id,region_id,comuna_nombre) values (13102,13,'Cerrillos');
insert into comunas (comuna_id,region_id,comuna_nombre) values (13103,13,'Cerro Navia');
insert into comunas (comuna_id,region_id,comuna_nombre) values (13104,13,'Conchalí');
insert into comunas (comuna_id,region_id,comuna_nombre) values (13105,13,'El Bosque');
insert into comunas (comuna_id,region_id,comuna_nombre) values (13106,13,'Estación Central');
insert into comunas (comuna_id,region_id,comuna_nombre) values (13107,13,'Huechuraba');
insert into comunas (comuna_id,region_id,comuna_nombre) values (13108,13,'Independencia');
insert into comunas (comuna_id,region_id,comuna_nombre) values (13109,13,'La Cisterna');
insert into comunas (comuna_id,region_id,comuna_nombre) values (13110,13,'La Florida');
insert into comunas (comuna_id,region_id,comuna_nombre) values (13111,13,'La Granja');
insert into comunas (comuna_id,region_id,comuna_nombre) values (13112,13,'La Pintana');
insert into comunas (comuna_id,region_id,comuna_nombre) values (13113,13,'La Reina');
insert into comunas (comuna_id,region_id,comuna_nombre) values (13114,13,'Las Condes');
insert into comunas (comuna_id,region_id,comuna_nombre) values (13115,13,'Lo Barnechea');
insert into comunas (comuna_id,region_id,comuna_nombre) values (13116,13,'Lo Espejo');
insert into comunas (comuna_id,region_id,comuna_nombre) values (13117,13,'Lo Prado');
insert into comunas (comuna_id,region_id,comuna_nombre) values (13118,13,'Macul');
insert into comunas (comuna_id,region_id,comuna_nombre) values (13119,13,'Maipu');
insert into comunas (comuna_id,region_id,comuna_nombre) values (13120,13,'Ñuñoa');
insert into comunas (comuna_id,region_id,comuna_nombre) values (13121,13,'Pedro Aguirre Cerda');
insert into comunas (comuna_id,region_id,comuna_nombre) values (13122,13,'Peñalolén');
insert into comunas (comuna_id,region_id,comuna_nombre) values (13123,13,'Providencia');
insert into comunas (comuna_id,region_id,comuna_nombre) values (13124,13,'Pudahuel');
insert into comunas (comuna_id,region_id,comuna_nombre) values (13125,13,'Quilicura');
insert into comunas (comuna_id,region_id,comuna_nombre) values (13126,13,'Quinta Normal');
insert into comunas (comuna_id,region_id,comuna_nombre) values (13127,13,'Recoleta');
insert into comunas (comuna_id,region_id,comuna_nombre) values (13128,13,'Renca');
insert into comunas (comuna_id,region_id,comuna_nombre) values (13129,13,'San Joaquín');
insert into comunas (comuna_id,region_id,comuna_nombre) values (13130,13,'San Miguel');
insert into comunas (comuna_id,region_id,comuna_nombre) values (13131,13,'San Ramón');
insert into comunas (comuna_id,region_id,comuna_nombre) values (13132,13,'Vitacura');
insert into comunas (comuna_id,region_id,comuna_nombre) values (13201,13,'Puente Alto');
insert into comunas (comuna_id,region_id,comuna_nombre) values (13202,13,'Pirque');
insert into comunas (comuna_id,region_id,comuna_nombre) values (13203,13,'San José de Maipo');
insert into comunas (comuna_id,region_id,comuna_nombre) values (13301,13,'Colina');
insert into comunas (comuna_id,region_id,comuna_nombre) values (13302,13,'Lampa');
insert into comunas (comuna_id,region_id,comuna_nombre) values (13303,13,'Tiltil');
insert into comunas (comuna_id,region_id,comuna_nombre) values (13401,13,'San Bernardo');
insert into comunas (comuna_id,region_id,comuna_nombre) values (13402,13,'Buin');
insert into comunas (comuna_id,region_id,comuna_nombre) values (13403,13,'Calera de Tango');
insert into comunas (comuna_id,region_id,comuna_nombre) values (13404,13,'Paine');
insert into comunas (comuna_id,region_id,comuna_nombre) values (13501,13,'Melipilla');
insert into comunas (comuna_id,region_id,comuna_nombre) values (13502,13,'Alhué');
insert into comunas (comuna_id,region_id,comuna_nombre) values (13503,13,'Curacaví');
insert into comunas (comuna_id,region_id,comuna_nombre) values (13504,13,'Maria Pinto');
insert into comunas (comuna_id,region_id,comuna_nombre) values (13505,13,'San Pedro');
insert into comunas (comuna_id,region_id,comuna_nombre) values (13601,13,'Talagante');
insert into comunas (comuna_id,region_id,comuna_nombre) values (13602,13,'El Monte');
insert into comunas (comuna_id,region_id,comuna_nombre) values (13603,13,'Isla de Maipo');
insert into comunas (comuna_id,region_id,comuna_nombre) values (13604,13,'Padre Hurtado');
insert into comunas (comuna_id,region_id,comuna_nombre) values (13605,13,'Peñaflor');
insert into comunas (comuna_id,region_id,comuna_nombre) values (14101,14,'Valdivia');
insert into comunas (comuna_id,region_id,comuna_nombre) values (14102,14,'Corral');
insert into comunas (comuna_id,region_id,comuna_nombre) values (14103,14,'Lanco');
insert into comunas (comuna_id,region_id,comuna_nombre) values (14104,14,'Los Lagos');
insert into comunas (comuna_id,region_id,comuna_nombre) values (14105,14,'Máfil');
insert into comunas (comuna_id,region_id,comuna_nombre) values (14106,14,'Mariquina');
insert into comunas (comuna_id,region_id,comuna_nombre) values (14107,14,'Paillaco');
insert into comunas (comuna_id,region_id,comuna_nombre) values (14108,14,'Panguipulli');
insert into comunas (comuna_id,region_id,comuna_nombre) values (14201,14,'La Unión');
insert into comunas (comuna_id,region_id,comuna_nombre) values (14202,14,'Futrono');
insert into comunas (comuna_id,region_id,comuna_nombre) values (14203,14,'Lago Ranco');
insert into comunas (comuna_id,region_id,comuna_nombre) values (14204,14,'Río Bueno');
insert into comunas (comuna_id,region_id,comuna_nombre) values (15101,15,'Arica');
insert into comunas (comuna_id,region_id,comuna_nombre) values (15102,15,'Camarones');
insert into comunas (comuna_id,region_id,comuna_nombre) values (15201,15,'Putre');
insert into comunas (comuna_id,region_id,comuna_nombre) values (15202,15,'General Lagos');




-- TIPO VALORES MONETARIOS

insert into tipo_valores_monetarios (tipo_valor_monetario_nombre,tipo_valor_monetario_descripcion) values ('Tiempos y Horarios','Corresponde al tipo de valores para tiempo en horas, dias, minutos, etc');

-- VALORES MONETARIOS

insert into valores_monetarios (valor_monetario_nombre,valor_monetario_descripcion) values ('Valor Horas Extras','Sin descripción');



-- ESTADOS

insert into estados (estado_nombre,estado_descripcion) values ('activo','');
insert into estados (estado_nombre,estado_descripcion) values ('inactivo','');


-- SUBVENCIONES

insert into subvenciones (subvencion_codigo,subvencion_nombre) values ('FAEP','Fondo de Apoyo a la Educación Pública (FAEP)');
insert into subvenciones (subvencion_codigo,subvencion_nombre) values ('SG','Subvención General (SG)');
insert into subvenciones (subvencion_codigo,subvencion_nombre) values ('SEP','Subvención Escolar Preferencial (SEP)');
insert into subvenciones (subvencion_codigo,subvencion_nombre) values ('PIE','Incremento de Subvención por Proyectos de Integración Escolar (PIE)');
insert into subvenciones (subvencion_codigo,subvencion_nombre) values ('SPR','Subvención Pro Retención (SPR)');
insert into subvenciones (subvencion_codigo,subvencion_nombre) values ('SI','Subvención de Internado (SI)');
insert into subvenciones (subvencion_codigo,subvencion_nombre) values ('SER','Subvención de Refuerzo Educativo (SER)');

-- TIPO CARGOS

insert into tipo_cargos (tipo_cargo_nombre,tipo_cargo_descripcion) values ('RBD','');
insert into tipo_cargos (tipo_cargo_nombre,tipo_cargo_descripcion) values ('AC','');

-- CARGOS

insert into cargos (tipo_cargo_id,cargo_codigo,cargo_nombre) values (1,'DOCDIR','Docente Directivo');
insert into cargos (tipo_cargo_id,cargo_codigo,cargo_nombre) values (1,'DOCAUL','Docente Aula');
insert into cargos (tipo_cargo_id,cargo_codigo,cargo_nombre) values (1,'DOCTEP','Docente Técnico Pedagógico');
insert into cargos (tipo_cargo_id,cargo_codigo,cargo_nombre) values (1,'ASIPRO','Asistente Profesional');
insert into cargos (tipo_cargo_id,cargo_codigo,cargo_nombre) values (1,'ASIPAR','Asistente Paradocente');
insert into cargos (tipo_cargo_id,cargo_codigo,cargo_nombre) values (1,'ASIAUX','Asistente Servicio Auxiliar');
insert into cargos (tipo_cargo_id,cargo_codigo,cargo_nombre) values (2,'DIR','Directivo');
insert into cargos (tipo_cargo_id,cargo_codigo,cargo_nombre) values (2,'PRO','Profesional');
insert into cargos (tipo_cargo_id,cargo_codigo,cargo_nombre) values (2,'TEC','Técnico-Administrativo');




-- TIPO CONTRATOS

insert into tipo_contratos (tipo_contrato_nombre,tipo_contrato_descripcion,tipo_contrato_codigo) values ('Contrato Plazo Fijo','Sin Descripción','CPF');
insert into tipo_contratos (tipo_contrato_nombre,tipo_contrato_descripcion,tipo_contrato_codigo) values ('Contrato Indefinido','Sin Descripción','CI');



-- CONTRATOS -- PENDIENTE , SE DEBERIA ARMAR SOLO, UNA VEZ QUE SE CREA LA FICHA TRABAJADOR


-- DOCUMENTOS



-- TIPO DOCUMENTOS

insert into tipo_documentos (tipo_documento_codigo,tipo_documento_nombre) values ('BOL','Boleta');
insert into tipo_documentos (tipo_documento_codigo,tipo_documento_nombre) values ('BOLE','Boleta Exenta');
insert into tipo_documentos (tipo_documento_codigo,tipo_documento_nombre) values ('FAC','Factura');
insert into tipo_documentos (tipo_documento_codigo,tipo_documento_nombre) values ('FACE','Factura Exenta');
insert into tipo_documentos (tipo_documento_codigo,tipo_documento_nombre) values ('ODE','Otro Documento Exento');
insert into tipo_documentos (tipo_documento_codigo,tipo_documento_nombre) values ('BOLEC','Boleta Electrónica');
insert into tipo_documentos (tipo_documento_codigo,tipo_documento_nombre) values ('BOLEX','Boleta Exenta Electrónica');
insert into tipo_documentos (tipo_documento_codigo,tipo_documento_nombre) values ('FACEL','Factura Electrónica');
insert into tipo_documentos (tipo_documento_codigo,tipo_documento_nombre) values ('FACEX','Factura Exenta Electrónica');

-- RBDS 

insert into rbd (rbd_nombre,rbd_descripcion,rbd_codigo) values ('Administración central','Sin Descripción','AC');
insert into rbd (rbd_nombre,rbd_descripcion,rbd_codigo) values ('Prueba otro Rbd','Sin Descripción','123456');
insert into rbd (rbd_nombre,rbd_descripcion,rbd_codigo) values ('Prueba 2 otro Rbd','Sin Descripción','654321');




-- ESTABLECIMIENTOS

insert into establecimientos (establecimiento_nombre,establecimiento_direccion,establecimiento_descripcion) values ('Establecimiento 1','Direccion 1','Descripción 1');
insert into establecimientos (establecimiento_nombre,establecimiento_direccion,establecimiento_descripcion) values ('Establecimiento 2','Direccion 2','Descripción 2');
insert into establecimientos (establecimiento_nombre,establecimiento_direccion,establecimiento_descripcion) values ('Establecimiento 3','Direccion 3','Descripción 3');
insert into establecimientos (establecimiento_nombre,establecimiento_direccion,establecimiento_descripcion) values ('Establecimiento 4','Direccion 4','Descripción 4');
insert into establecimientos (establecimiento_nombre,establecimiento_direccion,establecimiento_descripcion) values ('Establecimiento 5','Direccion 5','Descripción 5');




-- CUENTA DEPENDENCIAS

insert into cuenta_dependencias (cuenta_dependencia_codigo,cuenta_dependencia_nombre,cuenta_dependencia_descripcion) values ('PS','PS','PS');
insert into cuenta_dependencias (cuenta_dependencia_codigo,cuenta_dependencia_nombre,cuenta_dependencia_descripcion) values ('M-CM','M-CM','M-CM');
insert into cuenta_dependencias (cuenta_dependencia_codigo,cuenta_dependencia_nombre,cuenta_dependencia_descripcion) values ('M-CM-PS','M-CM-PS','M-CM-PS');








-- LIBROS

insert into libros (libro_nombre,libro_descripcion,libro_codigo) values ('Libro de Compras y Otros Gastos','Sin descripción','Código sin ingresar');
insert into libros (libro_nombre,libro_descripcion,libro_codigo) values ('Libro de Compras','Sin descripción','Código sin ingresar');
insert into libros (libro_nombre,libro_descripcion,libro_codigo) values ('Libro de Honorarios','Sin descripción','Código sin ingresar');
insert into libros (libro_nombre,libro_descripcion,libro_codigo) values ('Libro de Remuneraciones','Sin descripción','Código sin ingresar');
insert into libros (libro_nombre,libro_descripcion,libro_codigo) values ('Libro de Otros Ingresos','Sin descripción','Código sin ingresar');







-- CUENTAS PARA LIBRO DE REMUNERACIONES

insert into cuentas (cuenta_codigo,cuenta_nombre,cuenta_titular,cuenta_dependencia_id) values ('410100','GASTOS REMUNERACIONALES',0,NULL);
insert into cuentas (cuenta_codigo,cuenta_nombre,cuenta_titular,cuenta_dependencia_id) values ('410101','SUELDO BASE',1,3);
insert into cuentas (cuenta_codigo,cuenta_nombre,cuenta_titular,cuenta_dependencia_id) values ('410102','HORAS EXTRAS',1,3);
insert into cuentas (cuenta_codigo,cuenta_nombre,cuenta_titular,cuenta_dependencia_id) values ('410103','LEY Nº 19.933 (INCLUYE ART. 41 DFL Nº 2/98 ED.)',1,3);
insert into cuentas (cuenta_codigo,cuenta_nombre,cuenta_titular,cuenta_dependencia_id) values ('410104','INCREMENTO % ZONA',1,3);
insert into cuentas (cuenta_codigo,cuenta_nombre,cuenta_titular,cuenta_dependencia_id) values ('410105','BRP TÍTULO Y MENCIÓN LEY Nº 20.158 LEY 19.464 ASISTENTES (INCLUYE',1,3);
insert into cuentas (cuenta_codigo,cuenta_nombre,cuenta_titular,cuenta_dependencia_id) values ('410106','INTERNADOS) (ART. 5º TRANS. DFL Nº 2/98 ED.',1,3);
insert into cuentas (cuenta_codigo,cuenta_nombre,cuenta_titular,cuenta_dependencia_id) values ('410107','ASIGNACIÓN DESEMPEÑO CONDICIONES DIFÍCILES DOCENTES',1,3);
insert into cuentas (cuenta_codigo,cuenta_nombre,cuenta_titular,cuenta_dependencia_id) values ('410108','BONIFICACIÓN COMPENSATORIA, ART.3°,LEY N° 19.200',1,2);
insert into cuentas (cuenta_codigo,cuenta_nombre,cuenta_titular,cuenta_dependencia_id) values ('410109','SNED DOCENTES ART. 40 DFL Nº 2/98 ED.',1,3);
insert into cuentas (cuenta_codigo,cuenta_nombre,cuenta_titular,cuenta_dependencia_id) values ('410110','SNED ASISTENTES EDUCACIÓN LEY Nº 20.244',1,3);
insert into cuentas (cuenta_codigo,cuenta_nombre,cuenta_titular,cuenta_dependencia_id) values ('410111','UMP COMPLEMENTARIA INCISO 2° ART.10°,LEY N° 19.278',1,2);
insert into cuentas (cuenta_codigo,cuenta_nombre,cuenta_titular,cuenta_dependencia_id) values ('410112','BONIFICACIÓN DE PROFESORES ENCARGADOS, LEY N°19.715, ART.13',1,3);
insert into cuentas (cuenta_codigo,cuenta_nombre,cuenta_titular,cuenta_dependencia_id) values ('410113','ASIGNACIÓN DE EXCELENCIA PEDAGÓGICA (AEP) LEY N°19.715',1,3);
insert into cuentas (cuenta_codigo,cuenta_nombre,cuenta_titular,cuenta_dependencia_id) values ('410114','ASIGNACIÓN VARIABLE DE DESEMPEÑO INDIVIDUAL ART.17, LEY N°19.933',1,2);
insert into cuentas (cuenta_codigo,cuenta_nombre,cuenta_titular,cuenta_dependencia_id) values ('410115','ASIGNACIÓN POR DESEMPEÑO COLECTIVO, ART.18, LEY N°19.933',1,3);
insert into cuentas (cuenta_codigo,cuenta_nombre,cuenta_titular,cuenta_dependencia_id) values ('410116','ASIGNACIONES',1,3);
insert into cuentas (cuenta_codigo,cuenta_nombre,cuenta_titular,cuenta_dependencia_id) values ('410117','PAGO OTROS BONOS DOCENTES FISCALES',1,3);
insert into cuentas (cuenta_codigo,cuenta_nombre,cuenta_titular,cuenta_dependencia_id) values ('410118','PAGO OTROS BONOS ASISTENTES DE LA EDUCACIÓN FISCALES',1,3);
insert into cuentas (cuenta_codigo,cuenta_nombre,cuenta_titular,cuenta_dependencia_id) values ('410119','COLACIÓN Y MOVILIZACIÓN',1,3);
insert into cuentas (cuenta_codigo,cuenta_nombre,cuenta_titular,cuenta_dependencia_id) values ('410121','BONOS ACORDADOS CON EL SOSTENEDOR',1,3);
insert into cuentas (cuenta_codigo,cuenta_nombre,cuenta_titular,cuenta_dependencia_id) values ('410123','ASIGNACIÓN DESEMPEÑO CONDICIONES DIFÍCILES ASISTENTES DE LA EDUCACIÓN',1,3);
insert into cuentas (cuenta_codigo,cuenta_nombre,cuenta_titular,cuenta_dependencia_id) values ('410124','BONO INCENTIVO AL DESEMPEÑO LEY N°20.248 ART. 8° N°4',1,3);
insert into cuentas (cuenta_codigo,cuenta_nombre,cuenta_titular,cuenta_dependencia_id) values ('410125','LEY N°19.410 (planilla complementaria)',1,3);
insert into cuentas (cuenta_codigo,cuenta_nombre,cuenta_titular,cuenta_dependencia_id) values ('410126','BONO EXTRAORDINARIO SUBVENCIÓN ADICIONAL ESPECIAL (BONO SAE)',1,3);
insert into cuentas (cuenta_codigo,cuenta_nombre,cuenta_titular,cuenta_dependencia_id) values ('410127','ASIGNACIÓN DE RECONOCIMIENTO POR DOCENCIA EN EACAP',1,2);
insert into cuentas (cuenta_codigo,cuenta_nombre,cuenta_titular,cuenta_dependencia_id) values ('410128','ASIGNACIÓN POR TRAMO DE DESARROLLO PROFESIONAL',1,2);
insert into cuentas (cuenta_codigo,cuenta_nombre,cuenta_titular,cuenta_dependencia_id) values ('410129','PLANILLA SUPLEMENTARIA ART 64 DFL 1°/98',1,2);
insert into cuentas (cuenta_codigo,cuenta_nombre,cuenta_titular,cuenta_dependencia_id) values ('410200','GASTOS POR BONOS Y AGUINALDOS LEY DE REAJUSTE SECTOR PÚBLICO',0,NULL);
insert into cuentas (cuenta_codigo,cuenta_nombre,cuenta_titular,cuenta_dependencia_id) values ('410201','PAGO BONO DE ESCOLARIDAD Y ADICIONAL',1,3);
insert into cuentas (cuenta_codigo,cuenta_nombre,cuenta_titular,cuenta_dependencia_id) values ('410202','PAGO AGUINALDO DE NAVIDAD',1,3);
insert into cuentas (cuenta_codigo,cuenta_nombre,cuenta_titular,cuenta_dependencia_id) values ('410203','PAGO AGUINALDO DE FIESTAS PATRIAS',1,3);
insert into cuentas (cuenta_codigo,cuenta_nombre,cuenta_titular,cuenta_dependencia_id) values ('410204','PAGO BONO ESPECIAL',1,3);
insert into cuentas (cuenta_codigo,cuenta_nombre,cuenta_titular,cuenta_dependencia_id) values ('410205','PAGO BONO VACACIONES',1,3);
insert into cuentas (cuenta_codigo,cuenta_nombre,cuenta_titular,cuenta_dependencia_id) values ('410206','PAGO BONO DESEMPEÑO LABORAL',1,3);
insert into cuentas (cuenta_codigo,cuenta_nombre,cuenta_titular,cuenta_dependencia_id) values ('410207','OTROS BONOS NO IMPONIBLES LEY DE REAJUSTE',1,3);
insert into cuentas (cuenta_codigo,cuenta_nombre,cuenta_titular,cuenta_dependencia_id) values ('410400','APORTES PREVISIONALES',0,NULL);
insert into cuentas (cuenta_codigo,cuenta_nombre,cuenta_titular,cuenta_dependencia_id) values ('410401','SEGURO DE ACCIDENTE DEL TRABAJO',1,3);
insert into cuentas (cuenta_codigo,cuenta_nombre,cuenta_titular,cuenta_dependencia_id) values ('410402','SEGURO DE CESANTÍA',1,3);
insert into cuentas (cuenta_codigo,cuenta_nombre,cuenta_titular,cuenta_dependencia_id) values ('410403','SEGURO DE INVALIDEZ Y SOBREVIVENCIA (SIS)',1,3);
insert into cuentas (cuenta_codigo,cuenta_nombre,cuenta_titular,cuenta_dependencia_id) values ('410404','OTROS APORTES PREVISIONALES DEL SOSTENEDOR',1,3);


-- CUENTAS PARA LIBRO DE COMPRAS, OTROS GASTOS


insert into cuentas (cuenta_codigo,cuenta_nombre,cuenta_titular,cuenta_dependencia_id) values ('410100','GASTOS REMUNERACIONALES ',0,NULL);
insert into cuentas (cuenta_codigo,cuenta_nombre,cuenta_titular,cuenta_dependencia_id) values ('410120','DEVOLUCIÓN BONOS REMUNERACIONALES FISCALES ',1,3);
insert into cuentas (cuenta_codigo,cuenta_nombre,cuenta_titular,cuenta_dependencia_id) values ('410200','GASTOS POR BONOS Y AGUINALDOS LEY DE REAJUSTE SECTOR PÚBLICO ',0,NULL);
insert into cuentas (cuenta_codigo,cuenta_nombre,cuenta_titular,cuenta_dependencia_id) values ('410208','DEVOLUCIÓN BONOS LEY DE REAJUSTE ',1,3);
insert into cuentas (cuenta_codigo,cuenta_nombre,cuenta_titular,cuenta_dependencia_id) values ('410300','OTROS GASTOS EN PERSONAL ',0,NULL);
insert into cuentas (cuenta_codigo,cuenta_nombre,cuenta_titular,cuenta_dependencia_id) values ('410301','INDEMNIZACIONES Y/O FERIADO PROPORCIONAL ',1,3);
insert into cuentas (cuenta_codigo,cuenta_nombre,cuenta_titular,cuenta_dependencia_id) values ('410302','VIÁTICOS ',1,3);
insert into cuentas (cuenta_codigo,cuenta_nombre,cuenta_titular,cuenta_dependencia_id) values ('410303','BONO RETIRO ASISTENTES EDUCACIÓN (LEY No 20.244, ART. 1o TRANSITORIO) ',1,2);
insert into cuentas (cuenta_codigo,cuenta_nombre,cuenta_titular,cuenta_dependencia_id) values ('410306','BONIFICACIÓN ADICIONAL POR ANTIGÜEDAD, ART. N° 6 LEY N° 20.652 ',1,2);
insert into cuentas (cuenta_codigo,cuenta_nombre,cuenta_titular,cuenta_dependencia_id) values ('410307','APORTE FISCAL EXTRAORDINARIO, ART. 6° Y 7° LEY N° 20.822 ',1,2);
insert into cuentas (cuenta_codigo,cuenta_nombre,cuenta_titular,cuenta_dependencia_id) values ('410308','APORTE COMPLEMENTARIO, ART. 6° LEY N°20.822 ',1,2);
insert into cuentas (cuenta_codigo,cuenta_nombre,cuenta_titular,cuenta_dependencia_id) values ('410310','SANEAMIENTO COTIZACIONES PREVISIONALES ',1,2);
insert into cuentas (cuenta_codigo,cuenta_nombre,cuenta_titular,cuenta_dependencia_id) values ('410311','SANEAMIENTO APORTES PREVISIONALES EMPLEADOR ',1,2);
insert into cuentas (cuenta_codigo,cuenta_nombre,cuenta_titular,cuenta_dependencia_id) values ('410312','BONIFICACIÓN POR RETIRO VOLUNTARIO AL PERSONAL ASISTENTE DE LA EDUCACION (LEY N°.20.964) ',1,2);
insert into cuentas (cuenta_codigo,cuenta_nombre,cuenta_titular,cuenta_dependencia_id) values ('410600','GASTOS EN RECURSOS DE APRENDIZAJE',0,NULL);
insert into cuentas (cuenta_codigo,cuenta_nombre,cuenta_titular,cuenta_dependencia_id) values ('410601','IMPLEMENTOS DE LABORATORIO',1,3);
insert into cuentas (cuenta_codigo,cuenta_nombre,cuenta_titular,cuenta_dependencia_id) values ('410602','IMPLEMENTOS DEPORTIVOS',1,3);
insert into cuentas (cuenta_codigo,cuenta_nombre,cuenta_titular,cuenta_dependencia_id) values ('410603','INSTRUMENTOS MUSICALES Y ARTÍSTICOS',1,3);
insert into cuentas (cuenta_codigo,cuenta_nombre,cuenta_titular,cuenta_dependencia_id) values ('410604','RECURSOS AUDIOVISUALES Y SOFTWARE EDUCATIVO',1,3);
insert into cuentas (cuenta_codigo,cuenta_nombre,cuenta_titular,cuenta_dependencia_id) values ('410605','MATERIAL Y RECURSOS DIDÁCTICOS',1,3);
insert into cuentas (cuenta_codigo,cuenta_nombre,cuenta_titular,cuenta_dependencia_id) values ('410606','BIBLIOTECAS, LIBROS Y REVISTAS',1,3);
insert into cuentas (cuenta_codigo,cuenta_nombre,cuenta_titular,cuenta_dependencia_id) values ('410609','OTROS GASTOS EN RECURSOS DE APRENDIZAJE',1,3);
insert into cuentas (cuenta_codigo,cuenta_nombre,cuenta_titular,cuenta_dependencia_id) values ('410700','GASTOS EN EQUIPAMIENTO DE APOYO PEDAGÓGICO',0,NULL);
insert into cuentas (cuenta_codigo,cuenta_nombre,cuenta_titular,cuenta_dependencia_id) values ('410701','EQUIPOS DE FOTOGRAFÍA Y FILMACIÓN',1,3);
insert into cuentas (cuenta_codigo,cuenta_nombre,cuenta_titular,cuenta_dependencia_id) values ('410702','PIZARRAS INTERACTIVAS',1,3);
insert into cuentas (cuenta_codigo,cuenta_nombre,cuenta_titular,cuenta_dependencia_id) values ('410703','EQUIPOS INFORMÁTICOS',1,3);
insert into cuentas (cuenta_codigo,cuenta_nombre,cuenta_titular,cuenta_dependencia_id) values ('410704','EQUIPOS REPRODUCTORES DE IMAGEN',1,3);
insert into cuentas (cuenta_codigo,cuenta_nombre,cuenta_titular,cuenta_dependencia_id) values ('410705','EQUIPOS MULTICOPIADORES',1,3);
insert into cuentas (cuenta_codigo,cuenta_nombre,cuenta_titular,cuenta_dependencia_id) values ('410706','EQUIPOS DE AMPLIFICACIÓN Y SONIDO',1,3);
insert into cuentas (cuenta_codigo,cuenta_nombre,cuenta_titular,cuenta_dependencia_id) values ('410707','OTROS GASTOS EN EQUIPAMIENTO DE APOYO PEDAGÓGICO',1,3);
insert into cuentas (cuenta_codigo,cuenta_nombre,cuenta_titular,cuenta_dependencia_id) values ('410800','GASTOS BIENESTAR ALUMNOS',0,NULL);
insert into cuentas (cuenta_codigo,cuenta_nombre,cuenta_titular,cuenta_dependencia_id) values ('410805','APOYO AL ESTUDIANTE',1,3);
insert into cuentas (cuenta_codigo,cuenta_nombre,cuenta_titular,cuenta_dependencia_id) values ('410806','ÚTILES ESCOLARES',1,3);
insert into cuentas (cuenta_codigo,cuenta_nombre,cuenta_titular,cuenta_dependencia_id) values ('410900','GASTOS DE OPERACIÓN',0,NULL);
insert into cuentas (cuenta_codigo,cuenta_nombre,cuenta_titular,cuenta_dependencia_id) values ('410902','MATERIALES DE OFICINA',1,3);
insert into cuentas (cuenta_codigo,cuenta_nombre,cuenta_titular,cuenta_dependencia_id) values ('410905','INSUMOS COMPUTACIONALES',1,3);
insert into cuentas (cuenta_codigo,cuenta_nombre,cuenta_titular,cuenta_dependencia_id) values ('410906','COMBUSTIBLE Y PEAJES',1,3);
insert into cuentas (cuenta_codigo,cuenta_nombre,cuenta_titular,cuenta_dependencia_id) values ('410907','MATERIALES Y ÚTILES DE ASEO',1,3);
insert into cuentas (cuenta_codigo,cuenta_nombre,cuenta_titular,cuenta_dependencia_id) values ('410909','PASAJES',1,3);
insert into cuentas (cuenta_codigo,cuenta_nombre,cuenta_titular,cuenta_dependencia_id) values ('410911','GASTOS MUNICIPALES E IMPUESTOS',1,3);
insert into cuentas (cuenta_codigo,cuenta_nombre,cuenta_titular,cuenta_dependencia_id) values ('410912','CRÉDITOS FINANCIEROS',1,3);
insert into cuentas (cuenta_codigo,cuenta_nombre,cuenta_titular,cuenta_dependencia_id) values ('410913','GASTOS BANCARIOS',1,3);
insert into cuentas (cuenta_codigo,cuenta_nombre,cuenta_titular,cuenta_dependencia_id) values ('410914','DEVOLUCIÓN APOYO INICIO ACTIVIDAD',1,1);
insert into cuentas (cuenta_codigo,cuenta_nombre,cuenta_titular,cuenta_dependencia_id) values ('410915','REINTEGROS FONDO DE APOYO A LA EDUCACIÓN PÚBLICA (FAEP)',1,2);
insert into cuentas (cuenta_codigo,cuenta_nombre,cuenta_titular,cuenta_dependencia_id) values ('410916','CONTRATACIÓN DE SEGUROS',1,3);
insert into cuentas (cuenta_codigo,cuenta_nombre,cuenta_titular,cuenta_dependencia_id) values ('410917','DEVOLUCIONES A MINEDUC',1,3);
insert into cuentas (cuenta_codigo,cuenta_nombre,cuenta_titular,cuenta_dependencia_id) values ('411000','SERVICIOS BÁSICOS',0,NULL);
insert into cuentas (cuenta_codigo,cuenta_nombre,cuenta_titular,cuenta_dependencia_id) values ('411001','INTERNET',1,3);
insert into cuentas (cuenta_codigo,cuenta_nombre,cuenta_titular,cuenta_dependencia_id) values ('411002','AGUA',1,3);
insert into cuentas (cuenta_codigo,cuenta_nombre,cuenta_titular,cuenta_dependencia_id) values ('411003','GAS',1,3);
insert into cuentas (cuenta_codigo,cuenta_nombre,cuenta_titular,cuenta_dependencia_id) values ('411004','ELECTRICIDAD',1,3);
insert into cuentas (cuenta_codigo,cuenta_nombre,cuenta_titular,cuenta_dependencia_id) values ('411005','SERVICIO DE CORRESPONDENCIA (CORREOS)',1,3);
insert into cuentas (cuenta_codigo,cuenta_nombre,cuenta_titular,cuenta_dependencia_id) values ('411006','TELEFONÍA (MÓVIL Y FIJA)',1,3);
insert into cuentas (cuenta_codigo,cuenta_nombre,cuenta_titular,cuenta_dependencia_id) values ('411007','CALEFACCIÓN',1,3);
insert into cuentas (cuenta_codigo,cuenta_nombre,cuenta_titular,cuenta_dependencia_id) values ('411008','OTROS GASTOS SERVICIOS BÁSICOS',1,3);
insert into cuentas (cuenta_codigo,cuenta_nombre,cuenta_titular,cuenta_dependencia_id) values ('411200','MULTAS E INTERESES',0,NULL);
insert into cuentas (cuenta_codigo,cuenta_nombre,cuenta_titular,cuenta_dependencia_id) values ('411201','MULTAS E INTERESES FISCALES Y PREVISIONALES',1,3);
insert into cuentas (cuenta_codigo,cuenta_nombre,cuenta_titular,cuenta_dependencia_id) values ('411400','ARRIENDOS DE INMUEBLES',0,NULL);
insert into cuentas (cuenta_codigo,cuenta_nombre,cuenta_titular,cuenta_dependencia_id) values ('411401','ARRIENDO DE LOCAL ESCOLAR',1,3);
insert into cuentas (cuenta_codigo,cuenta_nombre,cuenta_titular,cuenta_dependencia_id) values ('411402','ARRIENDO DE OFICINAS Y/O DEPENDENCIAS DE ADMINISTRACIÓN',1,3);
insert into cuentas (cuenta_codigo,cuenta_nombre,cuenta_titular,cuenta_dependencia_id) values ('411403','ARRIENDO DE OTROS BIENES INMUEBLES',1,3);
insert into cuentas (cuenta_codigo,cuenta_nombre,cuenta_titular,cuenta_dependencia_id) values ('411500','ARRIENDOS DE BIENES MUEBLES',1,NULL);
insert into cuentas (cuenta_codigo,cuenta_nombre,cuenta_titular,cuenta_dependencia_id) values ('411501','ARRIENDO DE EQUIPOS INFORMÁTICOS',1,3);
insert into cuentas (cuenta_codigo,cuenta_nombre,cuenta_titular,cuenta_dependencia_id) values ('411502','ARRIENDO DE MAQUINARIAS Y EQUIPOS',1,3);
insert into cuentas (cuenta_codigo,cuenta_nombre,cuenta_titular,cuenta_dependencia_id) values ('411503','ARRIENDO DE MOBILIARIO',1,3);
insert into cuentas (cuenta_codigo,cuenta_nombre,cuenta_titular,cuenta_dependencia_id) values ('411504','ARRIENDO DE OTROS BIENES MUEBLES',1,3);
insert into cuentas (cuenta_codigo,cuenta_nombre,cuenta_titular,cuenta_dependencia_id) values ('411800','ADQUISICIÓN DE BIENES MUEBLES E INMUEBLES',0,NULL);
insert into cuentas (cuenta_codigo,cuenta_nombre,cuenta_titular,cuenta_dependencia_id) values ('411802','ADQUISICIÓN DE MOBILIARIO',1,3);
insert into cuentas (cuenta_codigo,cuenta_nombre,cuenta_titular,cuenta_dependencia_id) values ('411803','VEHÍCULO',1,3);
insert into cuentas (cuenta_codigo,cuenta_nombre,cuenta_titular,cuenta_dependencia_id) values ('411804','ADQUISICIÓN DE OTROS BIENES MUEBLES NO PEDAGÓGICOS',1,3);








-- CUENTAS PARA LIBRO DE COMPRAS Y HONORARIOS

insert into cuentas (cuenta_codigo,cuenta_nombre,cuenta_titular,cuenta_dependencia_id) values ('410300','OTROS GASTOS EN PERSONAL',0,NULL);
insert into cuentas (cuenta_codigo,cuenta_nombre,cuenta_titular,cuenta_dependencia_id) values ('410304','OTROS GASTOS EN PERSONAL',1,3);
insert into cuentas (cuenta_codigo,cuenta_nombre,cuenta_titular,cuenta_dependencia_id) values ('410309','SALA CUNA',1,3);
insert into cuentas (cuenta_codigo,cuenta_nombre,cuenta_titular,cuenta_dependencia_id) values ('410500','ASESORÍA TÉCNICA Y CAPACITACIÓN',0,NULL);
insert into cuentas (cuenta_codigo,cuenta_nombre,cuenta_titular,cuenta_dependencia_id) values ('410501','ASESORÍA TÉCNICA Y CAPACITACIÓN DE EMPRESAS (REGISTRO ATE)',1,3);
insert into cuentas (cuenta_codigo,cuenta_nombre,cuenta_titular,cuenta_dependencia_id) values ('410502','PERFECCIONAMIENTO Y ESPECIALIZACIÓN DE RR.HH.',1,3);
insert into cuentas (cuenta_codigo,cuenta_nombre,cuenta_titular,cuenta_dependencia_id) values ('410503','CURSOS Y/O PERFECCIONAMIENTO (SIN ATE)',1,3);
insert into cuentas (cuenta_codigo,cuenta_nombre,cuenta_titular,cuenta_dependencia_id) values ('410600','GASTOS EN RECURSOS DE APRENDIZAJE',1,NULL);
insert into cuentas (cuenta_codigo,cuenta_nombre,cuenta_titular,cuenta_dependencia_id) values ('410607','EVENTOS EDUCATIVOS Y CULTURALES',1,3);
insert into cuentas (cuenta_codigo,cuenta_nombre,cuenta_titular,cuenta_dependencia_id) values ('410608','INSTRUMENTOS DE EVALUACIÓN DIAGNÓSTICA',1,3);
insert into cuentas (cuenta_codigo,cuenta_nombre,cuenta_titular,cuenta_dependencia_id) values ('410800','GASTOS BIENESTAR ALUMNOS',0,NULL);
insert into cuentas (cuenta_codigo,cuenta_nombre,cuenta_titular,cuenta_dependencia_id) values ('410801','UNIFORMES Y VESTUARIO',1,3);
insert into cuentas (cuenta_codigo,cuenta_nombre,cuenta_titular,cuenta_dependencia_id) values ('410802','OTROS GASTOS BIENESTAR ALUMNOS',1,3);
insert into cuentas (cuenta_codigo,cuenta_nombre,cuenta_titular,cuenta_dependencia_id) values ('410803','TALLERES EXTRAPROGRAMÁTICOS',1,3);
insert into cuentas (cuenta_codigo,cuenta_nombre,cuenta_titular,cuenta_dependencia_id) values ('410804','CONSULTAS MÉDICAS',1,3);
insert into cuentas (cuenta_codigo,cuenta_nombre,cuenta_titular,cuenta_dependencia_id) values ('410900','GASTOS DE OPERACIÓN',0,NULL);
insert into cuentas (cuenta_codigo,cuenta_nombre,cuenta_titular,cuenta_dependencia_id) values ('410901','TRANSPORTE ESCOLAR',1,3);
insert into cuentas (cuenta_codigo,cuenta_nombre,cuenta_titular,cuenta_dependencia_id) values ('410903','REPRODUCCIÓN DE DOCUMENTOS',1,3);
insert into cuentas (cuenta_codigo,cuenta_nombre,cuenta_titular,cuenta_dependencia_id) values ('410904','ALIMENTACIÓN',1,3);
insert into cuentas (cuenta_codigo,cuenta_nombre,cuenta_titular,cuenta_dependencia_id) values ('410908','PUBLICIDAD',1,3);
insert into cuentas (cuenta_codigo,cuenta_nombre,cuenta_titular,cuenta_dependencia_id) values ('410910','OTROS GASTOS DE OPERACIÓN',1,3);
insert into cuentas (cuenta_codigo,cuenta_nombre,cuenta_titular,cuenta_dependencia_id) values ('411100','SERVICIOS GENERALES',0,NULL);
insert into cuentas (cuenta_codigo,cuenta_nombre,cuenta_titular,cuenta_dependencia_id) values ('411101','CONTRATACIÓN SERVICIOS DE ASEO Y JARDINERIA',1,3);
insert into cuentas (cuenta_codigo,cuenta_nombre,cuenta_titular,cuenta_dependencia_id) values ('411102','CONTRATACIÓN SERVICIOS DE SEGURIDAD',1,3);
insert into cuentas (cuenta_codigo,cuenta_nombre,cuenta_titular,cuenta_dependencia_id) values ('411103','CONTRATACIÓN OTROS SERVICIOS EXTERNOS',1,3);
insert into cuentas (cuenta_codigo,cuenta_nombre,cuenta_titular,cuenta_dependencia_id) values ('411600','GASTOS EN CONSTRUCCIÓN Y MANTENCIÓN DE INFRAESTRUCTURA',0,NULL);
insert into cuentas (cuenta_codigo,cuenta_nombre,cuenta_titular,cuenta_dependencia_id) values ('411601','MANTENCIÓN Y REPARACIÓN DE INFRAESTRUCTURA',1,3);
insert into cuentas (cuenta_codigo,cuenta_nombre,cuenta_titular,cuenta_dependencia_id) values ('411602','CONSTRUCCIÓN DE INFRAESTRUCTURA [OBRA GRUESA]',1,3);
insert into cuentas (cuenta_codigo,cuenta_nombre,cuenta_titular,cuenta_dependencia_id) values ('411603','TERMINACIONES DE INFRAESTRUCTURA',1,3);
insert into cuentas (cuenta_codigo,cuenta_nombre,cuenta_titular,cuenta_dependencia_id) values ('411604','INSTALACIONES ELÉCTRICAS, ILUMINACIÓN Y SISTEMAS DE CALEFACCIÓN',1,3);
insert into cuentas (cuenta_codigo,cuenta_nombre,cuenta_titular,cuenta_dependencia_id) values ('411605','INSTALACIONES DE GAS',1,3);
insert into cuentas (cuenta_codigo,cuenta_nombre,cuenta_titular,cuenta_dependencia_id) values ('411606','INSTALACIONES DE AGUA',1,3);
insert into cuentas (cuenta_codigo,cuenta_nombre,cuenta_titular,cuenta_dependencia_id) values ('411607','ALCANTARILLADOS O POZOS SÉPTICOS',1,3);
insert into cuentas (cuenta_codigo,cuenta_nombre,cuenta_titular,cuenta_dependencia_id) values ('411608','CIERRES PERIMETRALES Y OBRAS COMPLEMENTARIAS',1,3);
insert into cuentas (cuenta_codigo,cuenta_nombre,cuenta_titular,cuenta_dependencia_id) values ('411609','SERVICIOS HIGIÉNICOS',1,3);
insert into cuentas (cuenta_codigo,cuenta_nombre,cuenta_titular,cuenta_dependencia_id) values ('411610','ELIMINACIÓN DE BARRERAS ARQUITECTÓNICAS DE MENOR ENVERGADURA',1,3);
insert into cuentas (cuenta_codigo,cuenta_nombre,cuenta_titular,cuenta_dependencia_id) values ('411700','GASTOS MANTENCIÓN Y REPARACIÓN DE BIENES MUEBLES',0,NULL);
insert into cuentas (cuenta_codigo,cuenta_nombre,cuenta_titular,cuenta_dependencia_id) values ('411701','MANTENCIÓN Y REPARACIÓN DE BIENES MUEBLES',1,3);
insert into cuentas (cuenta_codigo,cuenta_nombre,cuenta_titular,cuenta_dependencia_id) values ('411702','REPUESTOS, MANTENIMIENTO Y REPARACIÓN DE VEHÍCULOS',1,3);
insert into cuentas (cuenta_codigo,cuenta_nombre,cuenta_titular,cuenta_dependencia_id) values ('411703','MANTENCIÓN Y REPARACIÓN DE EQUIPOS COMPUTACIONALES',1,3);
insert into cuentas (cuenta_codigo,cuenta_nombre,cuenta_titular,cuenta_dependencia_id) values ('411704','MANTENCIÓN Y REPARACIÓN DE MOBILIARIO ESCOLAR',1,3);
insert into cuentas (cuenta_codigo,cuenta_nombre,cuenta_titular,cuenta_dependencia_id) values ('411800','ADQUISICIÓN DE BIENES MUEBLES E INMUEBLES',0,NULL);
insert into cuentas (cuenta_codigo,cuenta_nombre,cuenta_titular,cuenta_dependencia_id) values ('411801','ADQUISICIÓN DE BIENES INMUEBLES',1,3);





-- CUENTAS PARA LIBRO DE OTROS INGRESOS

insert into cuentas (cuenta_codigo,cuenta_nombre,cuenta_titular,cuenta_dependencia_id) values ('310400','RELIQUIDACIONES, DEVOLUCIONES Y PAGOS MANUALES',0,NULL);
insert into cuentas (cuenta_codigo,cuenta_nombre,cuenta_titular,cuenta_dependencia_id) values ('310403','PAGOS MANUALES',1,3);
insert into cuentas (cuenta_codigo,cuenta_nombre,cuenta_titular,cuenta_dependencia_id) values ('310404','DEVOLUCIONES',1,3);
insert into cuentas (cuenta_codigo,cuenta_nombre,cuenta_titular,cuenta_dependencia_id) values ('310500','DESCUENTOS Y MULTAS',0,NULL);
insert into cuentas (cuenta_codigo,cuenta_nombre,cuenta_titular,cuenta_dependencia_id) values ('310506','DESCUENTO POR ANTICIPO SUBVENCIÓN LEY N° 20.822',1,2);
insert into cuentas (cuenta_codigo,cuenta_nombre,cuenta_titular,cuenta_dependencia_id) values ('310507','OTROS DESCUENTOS',1,3);
insert into cuentas (cuenta_codigo,cuenta_nombre,cuenta_titular,cuenta_dependencia_id) values ('310600','BONOS Y AGUINALDOS LEY DE REAJUSTE SECTOR PÚBLICO',0,NULL);
insert into cuentas (cuenta_codigo,cuenta_nombre,cuenta_titular,cuenta_dependencia_id) values ('310607','OTROS BONOS FISCALES',1,3);
insert into cuentas (cuenta_codigo,cuenta_nombre,cuenta_titular,cuenta_dependencia_id) values ('310700','OTROS INGRESOS FISCALES',0,NULL);
insert into cuentas (cuenta_codigo,cuenta_nombre,cuenta_titular,cuenta_dependencia_id) values ('310701','FRANQUICIA D.L. Nº 889',1,3);
insert into cuentas (cuenta_codigo,cuenta_nombre,cuenta_titular,cuenta_dependencia_id) values ('310702','OTROS INGRESOS FISCALES',1,3);
insert into cuentas (cuenta_codigo,cuenta_nombre,cuenta_titular,cuenta_dependencia_id) values ('310704','BONIFICACIÓN ADICIONAL POR ANTIGÜEDAD, ART. N° 6 LEY N° 20.652',1,2);
insert into cuentas (cuenta_codigo,cuenta_nombre,cuenta_titular,cuenta_dependencia_id) values ('310705','APORTE FISCAL EXTRAORDINARIO, ART. 6° Y 7° LEY N° 20.822',1,2);
insert into cuentas (cuenta_codigo,cuenta_nombre,cuenta_titular,cuenta_dependencia_id) values ('310706','APORTE COMPLEMENTARIO, ART. 6° LEY N° 20.822',1,2);
insert into cuentas (cuenta_codigo,cuenta_nombre,cuenta_titular,cuenta_dependencia_id) values ('310800','INGRESOS PROPIOS ESTABLECIMIENTO',0,NULL);
insert into cuentas (cuenta_codigo,cuenta_nombre,cuenta_titular,cuenta_dependencia_id) values ('310801','MATRÍCULAS',1,3);
insert into cuentas (cuenta_codigo,cuenta_nombre,cuenta_titular,cuenta_dependencia_id) values ('310802','DERECHOS ESCOLARIDAD',1,3);
insert into cuentas (cuenta_codigo,cuenta_nombre,cuenta_titular,cuenta_dependencia_id) values ('310805','INGRESOS INTERNADO PAGADO',1,3);
insert into cuentas (cuenta_codigo,cuenta_nombre,cuenta_titular,cuenta_dependencia_id) values ('310806','ARRIENDO DE INSTALACIONES',1,3);
insert into cuentas (cuenta_codigo,cuenta_nombre,cuenta_titular,cuenta_dependencia_id) values ('310807','OTROS INGRESOS DE LA OPERACIÓN',1,3);
insert into cuentas (cuenta_codigo,cuenta_nombre,cuenta_titular,cuenta_dependencia_id) values ('310900','DONACIONES',0,NULL);
insert into cuentas (cuenta_codigo,cuenta_nombre,cuenta_titular,cuenta_dependencia_id) values ('310901','CENTROS DE PADRES Y APODERADOS',1,3);
insert into cuentas (cuenta_codigo,cuenta_nombre,cuenta_titular,cuenta_dependencia_id) values ('310902','INSTITUCIONES Y EMPRESAS',1,3);
insert into cuentas (cuenta_codigo,cuenta_nombre,cuenta_titular,cuenta_dependencia_id) values ('310903','PERSONAS NATURALES',1,3);
insert into cuentas (cuenta_codigo,cuenta_nombre,cuenta_titular,cuenta_dependencia_id) values ('310904','OTRAS DONACIONES',1,3);
insert into cuentas (cuenta_codigo,cuenta_nombre,cuenta_titular,cuenta_dependencia_id) values ('311100','OTROS INGRESOS',0,NULL);
insert into cuentas (cuenta_codigo,cuenta_nombre,cuenta_titular,cuenta_dependencia_id) values ('311101','INTERESES Y REAJUSTES MERCADOS CAPITALES',1,3);
insert into cuentas (cuenta_codigo,cuenta_nombre,cuenta_titular,cuenta_dependencia_id) values ('311102','OTROS INGRESOS FINANCIEROS',1,3);
insert into cuentas (cuenta_codigo,cuenta_nombre,cuenta_titular,cuenta_dependencia_id) values ('311103','OTROS INGRESOS',1,3);
insert into cuentas (cuenta_codigo,cuenta_nombre,cuenta_titular,cuenta_dependencia_id) values ('311104','INGRESOS APOYO INICIO ACTIVIDAD',1,1);
insert into cuentas (cuenta_codigo,cuenta_nombre,cuenta_titular,cuenta_dependencia_id) values ('311105','REINTEGRO LICENCIAS MÉDICAS',1,2);
insert into cuentas (cuenta_codigo,cuenta_nombre,cuenta_titular,cuenta_dependencia_id) values ('311106','APORTE MUNICIPAL',1,2);



-- ASOCIACION DE CUENTAS Y LIBROS - LIBRO DE REMUNERACIONES




insert into libro_cuentas (cuenta_id,libro_id) values (410101,4);
insert into libro_cuentas (cuenta_id,libro_id) values (410102,4);
insert into libro_cuentas (cuenta_id,libro_id) values (410103,4);
insert into libro_cuentas (cuenta_id,libro_id) values (410104,4);
insert into libro_cuentas (cuenta_id,libro_id) values (410105,4);
insert into libro_cuentas (cuenta_id,libro_id) values (410106,4);
insert into libro_cuentas (cuenta_id,libro_id) values (410107,4);
insert into libro_cuentas (cuenta_id,libro_id) values (410108,4);
insert into libro_cuentas (cuenta_id,libro_id) values (410109,4);
insert into libro_cuentas (cuenta_id,libro_id) values (410110,4);
insert into libro_cuentas (cuenta_id,libro_id) values (410111,4);
insert into libro_cuentas (cuenta_id,libro_id) values (410112,4);
insert into libro_cuentas (cuenta_id,libro_id) values (410113,4);
insert into libro_cuentas (cuenta_id,libro_id) values (410114,4);
insert into libro_cuentas (cuenta_id,libro_id) values (410115,4);
insert into libro_cuentas (cuenta_id,libro_id) values (410116,4);
insert into libro_cuentas (cuenta_id,libro_id) values (410117,4);
insert into libro_cuentas (cuenta_id,libro_id) values (410118,4);
insert into libro_cuentas (cuenta_id,libro_id) values (410119,4);
insert into libro_cuentas (cuenta_id,libro_id) values (410121,4);
insert into libro_cuentas (cuenta_id,libro_id) values (410123,4);
insert into libro_cuentas (cuenta_id,libro_id) values (410124,4);
insert into libro_cuentas (cuenta_id,libro_id) values (410125,4);
insert into libro_cuentas (cuenta_id,libro_id) values (410126,4);
insert into libro_cuentas (cuenta_id,libro_id) values (410127,4);
insert into libro_cuentas (cuenta_id,libro_id) values (410128,4);
insert into libro_cuentas (cuenta_id,libro_id) values (410129,4);
insert into libro_cuentas (cuenta_id,libro_id) values (410201,4);
insert into libro_cuentas (cuenta_id,libro_id) values (410202,4);
insert into libro_cuentas (cuenta_id,libro_id) values (410203,4);
insert into libro_cuentas (cuenta_id,libro_id) values (410204,4);
insert into libro_cuentas (cuenta_id,libro_id) values (410205,4);
insert into libro_cuentas (cuenta_id,libro_id) values (410206,4);
insert into libro_cuentas (cuenta_id,libro_id) values (410207,4);
insert into libro_cuentas (cuenta_id,libro_id) values (410401,4);
insert into libro_cuentas (cuenta_id,libro_id) values (410402,4);
insert into libro_cuentas (cuenta_id,libro_id) values (410403,4);
insert into libro_cuentas (cuenta_id,libro_id) values (410404,4);


-- ASOCIACION DE CUENTAS Y LIBROS - LIBRO DE COMPRAS Y OTROS GASTOS




insert into libro_cuentas (cuenta_id,libro_id) values (410120,2);
insert into libro_cuentas (cuenta_id,libro_id) values (410208,2);
insert into libro_cuentas (cuenta_id,libro_id) values (410301,2);
insert into libro_cuentas (cuenta_id,libro_id) values (410302,2);
insert into libro_cuentas (cuenta_id,libro_id) values (410303,2);
insert into libro_cuentas (cuenta_id,libro_id) values (410306,2);
insert into libro_cuentas (cuenta_id,libro_id) values (410307,2);
insert into libro_cuentas (cuenta_id,libro_id) values (410308,2);
insert into libro_cuentas (cuenta_id,libro_id) values (410310,2);
insert into libro_cuentas (cuenta_id,libro_id) values (410311,2);
insert into libro_cuentas (cuenta_id,libro_id) values (410312,2);
insert into libro_cuentas (cuenta_id,libro_id) values (410601,2);
insert into libro_cuentas (cuenta_id,libro_id) values (410602,2);
insert into libro_cuentas (cuenta_id,libro_id) values (410603,2);
insert into libro_cuentas (cuenta_id,libro_id) values (410604,2);
insert into libro_cuentas (cuenta_id,libro_id) values (410605,2);
insert into libro_cuentas (cuenta_id,libro_id) values (410606,2);
insert into libro_cuentas (cuenta_id,libro_id) values (410609,2);
insert into libro_cuentas (cuenta_id,libro_id) values (410701,2);
insert into libro_cuentas (cuenta_id,libro_id) values (410702,2);
insert into libro_cuentas (cuenta_id,libro_id) values (410703,2);
insert into libro_cuentas (cuenta_id,libro_id) values (410704,2);
insert into libro_cuentas (cuenta_id,libro_id) values (410705,2);
insert into libro_cuentas (cuenta_id,libro_id) values (410706,2);
insert into libro_cuentas (cuenta_id,libro_id) values (410707,2);
insert into libro_cuentas (cuenta_id,libro_id) values (410805,2);
insert into libro_cuentas (cuenta_id,libro_id) values (410806,2);
insert into libro_cuentas (cuenta_id,libro_id) values (410902,2);
insert into libro_cuentas (cuenta_id,libro_id) values (410905,2);
insert into libro_cuentas (cuenta_id,libro_id) values (410906,2);
insert into libro_cuentas (cuenta_id,libro_id) values (410907,2);
insert into libro_cuentas (cuenta_id,libro_id) values (410909,2);
insert into libro_cuentas (cuenta_id,libro_id) values (410911,2);
insert into libro_cuentas (cuenta_id,libro_id) values (410912,2);
insert into libro_cuentas (cuenta_id,libro_id) values (410913,2);
insert into libro_cuentas (cuenta_id,libro_id) values (410914,2);
insert into libro_cuentas (cuenta_id,libro_id) values (410915,2);
insert into libro_cuentas (cuenta_id,libro_id) values (410916,2);
insert into libro_cuentas (cuenta_id,libro_id) values (410917,2);
insert into libro_cuentas (cuenta_id,libro_id) values (411001,2);
insert into libro_cuentas (cuenta_id,libro_id) values (411002,2);
insert into libro_cuentas (cuenta_id,libro_id) values (411003,2);
insert into libro_cuentas (cuenta_id,libro_id) values (411004,2);
insert into libro_cuentas (cuenta_id,libro_id) values (411005,2);
insert into libro_cuentas (cuenta_id,libro_id) values (411006,2);
insert into libro_cuentas (cuenta_id,libro_id) values (411007,2);
insert into libro_cuentas (cuenta_id,libro_id) values (411008,2);
insert into libro_cuentas (cuenta_id,libro_id) values (411201,2);
insert into libro_cuentas (cuenta_id,libro_id) values (411401,2);
insert into libro_cuentas (cuenta_id,libro_id) values (411402,2);
insert into libro_cuentas (cuenta_id,libro_id) values (411403,2);
insert into libro_cuentas (cuenta_id,libro_id) values (411501,2);
insert into libro_cuentas (cuenta_id,libro_id) values (411502,2);
insert into libro_cuentas (cuenta_id,libro_id) values (411503,2);
insert into libro_cuentas (cuenta_id,libro_id) values (411504,2);
insert into libro_cuentas (cuenta_id,libro_id) values (411802,2);
insert into libro_cuentas (cuenta_id,libro_id) values (411803,2);
insert into libro_cuentas (cuenta_id,libro_id) values (411804,2);





-- ASOCIACION DE CUENTAS Y LIBROS - LIBRO DE COMPRAS Y HONORARIOS (EN ESTE CASO, LAS CUENTAS APLICAN PARA 2 LIBROS)

insert into libro_cuentas (cuenta_id,libro_id) values (410304,2);
insert into libro_cuentas (cuenta_id,libro_id) values (410309,2);
insert into libro_cuentas (cuenta_id,libro_id) values (410501,2);
insert into libro_cuentas (cuenta_id,libro_id) values (410502,2);
insert into libro_cuentas (cuenta_id,libro_id) values (410503,2);
insert into libro_cuentas (cuenta_id,libro_id) values (410607,2);
insert into libro_cuentas (cuenta_id,libro_id) values (410608,2);
insert into libro_cuentas (cuenta_id,libro_id) values (410801,2);
insert into libro_cuentas (cuenta_id,libro_id) values (410802,2);
insert into libro_cuentas (cuenta_id,libro_id) values (410804,2);
insert into libro_cuentas (cuenta_id,libro_id) values (410901,2);
insert into libro_cuentas (cuenta_id,libro_id) values (410903,2);
insert into libro_cuentas (cuenta_id,libro_id) values (410904,2);
insert into libro_cuentas (cuenta_id,libro_id) values (410908,2);
insert into libro_cuentas (cuenta_id,libro_id) values (410910,2);
insert into libro_cuentas (cuenta_id,libro_id) values (411101,2);
insert into libro_cuentas (cuenta_id,libro_id) values (411102,2);
insert into libro_cuentas (cuenta_id,libro_id) values (411103,2);
insert into libro_cuentas (cuenta_id,libro_id) values (411601,2);
insert into libro_cuentas (cuenta_id,libro_id) values (411602,2);
insert into libro_cuentas (cuenta_id,libro_id) values (411603,2);
insert into libro_cuentas (cuenta_id,libro_id) values (411604,2);
insert into libro_cuentas (cuenta_id,libro_id) values (411605,2);
insert into libro_cuentas (cuenta_id,libro_id) values (411606,2);
insert into libro_cuentas (cuenta_id,libro_id) values (411607,2);
insert into libro_cuentas (cuenta_id,libro_id) values (411608,2);
insert into libro_cuentas (cuenta_id,libro_id) values (411609,2);
insert into libro_cuentas (cuenta_id,libro_id) values (411610,2);
insert into libro_cuentas (cuenta_id,libro_id) values (411701,2);
insert into libro_cuentas (cuenta_id,libro_id) values (411702,2);
insert into libro_cuentas (cuenta_id,libro_id) values (411703,2);
insert into libro_cuentas (cuenta_id,libro_id) values (411704,2);
insert into libro_cuentas (cuenta_id,libro_id) values (411801,2);

insert into libro_cuentas (cuenta_id,libro_id) values (410304,3);
insert into libro_cuentas (cuenta_id,libro_id) values (410309,3);
insert into libro_cuentas (cuenta_id,libro_id) values (410501,3);
insert into libro_cuentas (cuenta_id,libro_id) values (410502,3);
insert into libro_cuentas (cuenta_id,libro_id) values (410503,3);
insert into libro_cuentas (cuenta_id,libro_id) values (410607,3);
insert into libro_cuentas (cuenta_id,libro_id) values (410608,3);
insert into libro_cuentas (cuenta_id,libro_id) values (410801,3);
insert into libro_cuentas (cuenta_id,libro_id) values (410802,3);
insert into libro_cuentas (cuenta_id,libro_id) values (410803,3);
insert into libro_cuentas (cuenta_id,libro_id) values (410804,3);
insert into libro_cuentas (cuenta_id,libro_id) values (410901,3);
insert into libro_cuentas (cuenta_id,libro_id) values (410903,3);
insert into libro_cuentas (cuenta_id,libro_id) values (410904,3);
insert into libro_cuentas (cuenta_id,libro_id) values (410908,3);
insert into libro_cuentas (cuenta_id,libro_id) values (410910,3);
insert into libro_cuentas (cuenta_id,libro_id) values (411101,3);
insert into libro_cuentas (cuenta_id,libro_id) values (411102,3);
insert into libro_cuentas (cuenta_id,libro_id) values (411103,3);
insert into libro_cuentas (cuenta_id,libro_id) values (411601,3);
insert into libro_cuentas (cuenta_id,libro_id) values (411602,3);
insert into libro_cuentas (cuenta_id,libro_id) values (411603,3);
insert into libro_cuentas (cuenta_id,libro_id) values (411604,3);
insert into libro_cuentas (cuenta_id,libro_id) values (411605,3);
insert into libro_cuentas (cuenta_id,libro_id) values (411606,3);
insert into libro_cuentas (cuenta_id,libro_id) values (411607,3);
insert into libro_cuentas (cuenta_id,libro_id) values (411608,3);
insert into libro_cuentas (cuenta_id,libro_id) values (411609,3);
insert into libro_cuentas (cuenta_id,libro_id) values (411610,3);
insert into libro_cuentas (cuenta_id,libro_id) values (411701,3);
insert into libro_cuentas (cuenta_id,libro_id) values (411702,3);
insert into libro_cuentas (cuenta_id,libro_id) values (411703,3);
insert into libro_cuentas (cuenta_id,libro_id) values (411704,3);
insert into libro_cuentas (cuenta_id,libro_id) values (411801,3);



-- ASOCIACION DE CUENTAS Y LIBROS - LIBRO DE OTROS INGRESOS


insert into libro_cuentas (cuenta_id,libro_id) values (310403,5);
insert into libro_cuentas (cuenta_id,libro_id) values (310404,5);
insert into libro_cuentas (cuenta_id,libro_id) values (310506,5);
insert into libro_cuentas (cuenta_id,libro_id) values (310507,5);
insert into libro_cuentas (cuenta_id,libro_id) values (310607,5);
insert into libro_cuentas (cuenta_id,libro_id) values (310701,5);
insert into libro_cuentas (cuenta_id,libro_id) values (310702,5);
insert into libro_cuentas (cuenta_id,libro_id) values (310704,5);
insert into libro_cuentas (cuenta_id,libro_id) values (310705,5);
insert into libro_cuentas (cuenta_id,libro_id) values (310706,5);
insert into libro_cuentas (cuenta_id,libro_id) values (310801,5);
insert into libro_cuentas (cuenta_id,libro_id) values (310802,5);
insert into libro_cuentas (cuenta_id,libro_id) values (310805,5);
insert into libro_cuentas (cuenta_id,libro_id) values (310806,5);
insert into libro_cuentas (cuenta_id,libro_id) values (310807,5);
insert into libro_cuentas (cuenta_id,libro_id) values (310901,5);
insert into libro_cuentas (cuenta_id,libro_id) values (310902,5);
insert into libro_cuentas (cuenta_id,libro_id) values (310903,5);
insert into libro_cuentas (cuenta_id,libro_id) values (310904,5);
insert into libro_cuentas (cuenta_id,libro_id) values (311101,5);
insert into libro_cuentas (cuenta_id,libro_id) values (311102,5);
insert into libro_cuentas (cuenta_id,libro_id) values (311103,5);
insert into libro_cuentas (cuenta_id,libro_id) values (311104,5);
insert into libro_cuentas (cuenta_id,libro_id) values (311105,5);
insert into libro_cuentas (cuenta_id,libro_id) values (311106,5);











































































































